parent,slug,emoji,en,zh-hans
0,smileys_emotion,,Smileys & Emotion,ç¬‘è„¸å’Œè¡¨æƒ…
0,grinning_face,ğŸ˜€,grinning face,å’§å˜´ç¬‘
0,grinning_face_with_big_eyes,ğŸ˜ƒ,grinning face with big eyes,å’§å˜´å¤§ç¬‘çš„å¤§çœ¼ç›
0,grinning_face_with_smiling_eyes,ğŸ˜„,grinning face with smiling eyes,å’§å˜´ç¬‘çš„å¤§çœ¼ç›
0,beaming_face_with_smiling_eyes,ğŸ˜,beaming face with smiling eyes,ç¬‘çœ¯çœ¯çš„è„¸
0,grinning_squinting_face,ğŸ˜†,grinning squinting face,å’§å˜´ç¬‘çš„çœ¯ç¼è„¸
0,grinning_face_with_sweat,ğŸ˜…,grinning face with sweat,å’§å˜´ç¬‘å¾—æ»¡å¤´å¤§æ±—
0,rolling_on_the_floor_laughing,ğŸ¤£,rolling on the floor laughing,ç¬‘å¾—åœ¨åœ°ä¸Šæ‰“æ»š
0,face_with_tears_of_joy,ğŸ˜‚,face with tears of joy,å–œæè€Œæ³£çš„è„¸
0,slightly_smiling_face,ğŸ™‚,slightly smiling face,å¾®å¾®ç¬‘çš„è„¸
0,upside_down_face,ğŸ™ƒ,upside-down face,é¢ å€’çš„è„¸
0,melting_face,ğŸ« ,melting face,èåŒ–çš„è„¸
0,winking_face,ğŸ˜‰,winking face,çœ¨çœ¼çš„è„¸
0,smiling_face_with_smiling_eyes,ğŸ˜Š,smiling face with smiling eyes,å¸¦ç¬‘çœ¼çš„ç¬‘è„¸
0,smiling_face_with_halo,ğŸ˜‡,smiling face with halo,å¸¦å…‰ç¯çš„ç¬‘è„¸
0,smiling_face_with_hearts,ğŸ¥°,smiling face with hearts,å¿ƒå½¢ç¬‘è„¸
0,smiling_face_with_heart_eyes,ğŸ˜,smiling face with heart-eyes,å¸¦å¿ƒå½¢çœ¼ç›çš„ç¬‘è„¸
0,star_struck,ğŸ¤©,star-struck,è¿½æ˜Ÿæ—
0,face_blowing_a_kiss,ğŸ˜˜,face blowing a kiss,å¹å»çš„è„¸
0,kissing_face,ğŸ˜—,kissing face,æ¥å»çš„è„¸
0,smiling_face,â˜ºï¸,smiling face,ç¬‘è„¸
0,kissing_face_with_closed_eyes,ğŸ˜š,kissing face with closed eyes,é—­çœ¼äº²å»çš„è„¸
0,kissing_face_with_smiling_eyes,ğŸ˜™,kissing face with smiling eyes,å¾®ç¬‘çš„å»è„¸
0,smiling_face_with_tear,ğŸ¥²,smiling face with tear,å«æ³ªçš„ç¬‘è„¸
0,face_savoring_food,ğŸ˜‹,face savoring food,å“å‘³é£Ÿç‰©çš„è„¸
0,face_with_tongue,ğŸ˜›,face with tongue,ç”¨èˆŒå¤´èˆ”çš„è„¸
0,winking_face_with_tongue,ğŸ˜œ,winking face with tongue,çœ¨çœ¼çš„èˆŒå¤´è„¸
0,zany_face,ğŸ¤ª,zany face,æ€ªè„¸
0,squinting_face_with_tongue,ğŸ˜,squinting face with tongue,çœ¯ç€çœ¼ç›çš„èˆŒå¤´è„¸
0,money_mouth_face,ğŸ¤‘,money-mouth face,é’±å˜´è„¸
0,smiling_face_with_open_hands,ğŸ¤—,smiling face with open hands,å¼ å¼€åŒæ‰‹çš„ç¬‘è„¸
0,face_with_hand_over_mouth,ğŸ¤­,face with hand over mouth,æ‰‹æ‚å˜´çš„è„¸
0,face_with_open_eyes_and_hand_over_mouth,ğŸ«¢,face with open eyes and hand over mouth,ççœ¼æ‚å˜´è„¸
0,face_with_peeking_eye,ğŸ«£,face with peeking eye,å·çœ‹çš„è„¸
0,shushing_face,ğŸ¤«,shushing face,å˜˜å£°è„¸
0,thinking_face,ğŸ¤”,thinking face,æ€è€ƒè„¸
0,saluting_face,ğŸ«¡,saluting face,æ•¬ç¤¼è„¸
0,zipper_mouth_face,ğŸ¤,zipper-mouth face,æ‹‰é“¾å˜´è„¸
0,face_with_raised_eyebrow,ğŸ¤¨,face with raised eyebrow,æŒ‘çœ‰è„¸
0,neutral_face,ğŸ˜,neutral face,ä¸­æ€§è„¸
0,expressionless_face,ğŸ˜‘,expressionless face,æ— è¡¨æƒ…è„¸
0,face_without_mouth,ğŸ˜¶,face without mouth,æ— å˜´è„¸
0,dotted_line_face,ğŸ«¥,dotted line face,ç‚¹çº¿é¢
0,face_in_clouds,ğŸ˜¶â€ğŸŒ«ï¸,face in clouds,äº‘ä¸­è„¸
0,smirking_face,ğŸ˜,smirking face,å‚»ç¬‘çš„è„¸
0,unamused_face,ğŸ˜’,unamused face,æ— è¶£çš„è„¸
0,face_with_rolling_eyes,ğŸ™„,face with rolling eyes,ç¿»ç™½çœ¼çš„è„¸
0,grimacing_face,ğŸ˜¬,grimacing face,é¾‡ç‰™å’§å˜´çš„è„¸
0,face_exhaling,ğŸ˜®â€ğŸ’¨,face exhaling,å‘¼æ°”çš„è„¸
0,lying_face,ğŸ¤¥,lying face,æ’’è°çš„è„¸
0,shaking_face,ğŸ«¨,shaking face,æ‘‡æ™ƒçš„è„¸
0,head_shaking_horizontally,ğŸ™‚â€â†”ï¸,head shaking horizontally,æ¨ªæ‘‡å¤´
0,head_shaking_vertically,ğŸ™‚â€â†•ï¸,head shaking vertically,å‚ç›´æ‘‡å¤´
0,relieved_face,ğŸ˜Œ,relieved face,å¦‚é‡Šé‡è´Ÿçš„è„¸
0,pensive_face,ğŸ˜”,pensive face,æ²‰æ€çš„è„¸
0,sleepy_face,ğŸ˜ª,sleepy face,å›°å€¦è„¸
0,drooling_face,ğŸ¤¤,drooling face,æµå£æ°´çš„è„¸
0,sleeping_face,ğŸ˜´,sleeping face,ç¡è„¸
0,face_with_bags_under_eyes,ğŸ«©,face with bags under eyes,æœ‰çœ¼è¢‹çš„è„¸
0,face_with_medical_mask,ğŸ˜·,face with medical mask,æˆ´åŒ»ç”¨å£ç½©çš„è„¸
0,face_with_thermometer,ğŸ¤’,face with thermometer,æˆ´æ¸©åº¦è®¡çš„è„¸
0,face_with_head_bandage,ğŸ¤•,face with head-bandage,æˆ´å¤´å·¾çš„è„¸
0,nauseated_face,ğŸ¤¢,nauseated face,æ¶å¿ƒçš„è„¸
0,face_vomiting,ğŸ¤®,face vomiting,å‘•åçš„è„¸
0,sneezing_face,ğŸ¤§,sneezing face,æ‰“å–·åšçš„è„¸
0,hot_face,ğŸ¥µ,hot face,çƒ­è„¸
0,cold_face,ğŸ¥¶,cold face,å†·è„¸
0,woozy_face,ğŸ¥´,woozy face,æ˜æ˜æ²‰æ²‰çš„è„¸
0,face_with_crossed_out_eyes,ğŸ˜µ,face with crossed-out eyes,æ–—é¸¡çœ¼è„¸
0,face_with_spiral_eyes,ğŸ˜µâ€ğŸ’«,face with spiral eyes,èºæ—‹çœ¼è„¸
0,exploding_head,ğŸ¤¯,exploding head,çˆ†ç‚¸å¤´
0,cowboy_hat_face,ğŸ¤ ,cowboy hat face,ç‰›ä»”å¸½è„¸
0,partying_face,ğŸ¥³,partying face,æ´¾å¯¹è„¸
0,disguised_face,ğŸ¥¸,disguised face,ä¹”è£…æ‰“æ‰®çš„è„¸
0,smiling_face_with_sunglasses,ğŸ˜,smiling face with sunglasses,æˆ´å¢¨é•œçš„ç¬‘è„¸
0,nerd_face,ğŸ¤“,nerd face,ä¹¦å‘†å­è„¸
0,face_with_monocle,ğŸ§,face with monocle,æˆ´å•ç‰‡çœ¼é•œçš„è„¸
0,confused_face,ğŸ˜•,confused face,å›°æƒ‘çš„è„¸
0,face_with_diagonal_mouth,ğŸ«¤,face with diagonal mouth,æ–œå˜´è„¸
0,worried_face,ğŸ˜Ÿ,worried face,å¿§è™‘çš„è„¸
0,slightly_frowning_face,ğŸ™,slightly frowning face,å¾®çš±çœ‰å¤´çš„è„¸
0,frowning_face,â˜¹ï¸,frowning face,çš±çœ‰å¤´çš„è„¸
0,face_with_open_mouth,ğŸ˜®,face with open mouth,å¼ å˜´çš„è„¸
0,hushed_face,ğŸ˜¯,hushed face,æ²™å“‘çš„è„¸
0,astonished_face,ğŸ˜²,astonished face,æƒŠè®¶çš„è„¸
0,flushed_face,ğŸ˜³,flushed face,æ½®çº¢çš„è„¸
0,pleading_face,ğŸ¥º,pleading face,æ³æ±‚çš„è„¸
0,face_holding_back_tears,ğŸ¥¹,face holding back tears,å¼ºå¿æ³ªæ°´çš„è„¸
0,frowning_face_with_open_mouth,ğŸ˜¦,frowning face with open mouth,å¼ å˜´çš±çœ‰çš„è„¸
0,anguished_face,ğŸ˜§,anguished face,ç—›è‹¦çš„è„¸
0,fearful_face,ğŸ˜¨,fearful face,ææƒ§çš„è„¸
0,anxious_face_with_sweat,ğŸ˜°,anxious face with sweat,æ»¡å¤´å¤§æ±—çš„ç„¦è™‘è„¸
0,sad_but_relieved_face,ğŸ˜¥,sad but relieved face,æ‚²ä¼¤ä½†å¦‚é‡Šé‡è´Ÿçš„è„¸
0,crying_face,ğŸ˜¢,crying face,å“­æ³£çš„è„¸
0,loudly_crying_face,ğŸ˜­,loudly crying face,å¤§å£°å“­æ³£çš„è„¸
0,face_screaming_in_fear,ğŸ˜±,face screaming in fear,ææƒ§å°–å«çš„è„¸
0,confounded_face,ğŸ˜–,confounded face,å›°æƒ‘çš„è„¸
0,persevering_face,ğŸ˜£,persevering face,åšæŒä¸æ‡ˆçš„è„¸
0,disappointed_face,ğŸ˜,disappointed face,å¤±æœ›çš„è„¸
0,downcast_face_with_sweat,ğŸ˜“,downcast face with sweat,æ±—é¢œ
0,weary_face,ğŸ˜©,weary face,å€¦å®¹
0,tired_face,ğŸ˜«,tired face,å€¦å®¹
0,yawning_face,ğŸ¥±,yawning face,æ‰“å“ˆæ¬ çš„è„¸
0,face_with_steam_from_nose,ğŸ˜¤,face with steam from nose,é¼»å­å†’è’¸æ±½çš„è„¸
0,enraged_face,ğŸ˜¡,enraged face,æ„¤æ€’çš„è„¸
0,angry_face,ğŸ˜ ,angry face,æ„¤æ€’çš„è„¸
0,face_with_symbols_on_mouth,ğŸ¤¬,face with symbols on mouth,å˜´ä¸Šæœ‰ç¬¦å·çš„è„¸
0,smiling_face_with_horns,ğŸ˜ˆ,smiling face with horns,å¸¦è§’çš„ç¬‘è„¸
0,angry_face_with_horns,ğŸ‘¿,angry face with horns,æœ‰è§’çš„æ„¤æ€’è„¸
0,skull,ğŸ’€,skull,éª·é«…å¤´
0,skull_and_crossbones,â˜ ï¸,skull and crossbones,éª·é«…å¤´å’Œäº¤å‰éª¨
0,pile_of_poo,ğŸ’©,pile of poo,ä¸€å †ä¾¿ä¾¿
0,clown_face,ğŸ¤¡,clown face,å°ä¸‘è„¸
0,ogre,ğŸ‘¹,ogre,é£Ÿäººé­”
0,goblin,ğŸ‘º,goblin,å¦–ç²¾
0,ghost,ğŸ‘»,ghost,å¹½çµ
0,alien,ğŸ‘½,alien,å¤–æ˜Ÿäºº
0,alien_monster,ğŸ‘¾,alien monster,å¤–æ˜Ÿæ€ªç‰©
0,robot,ğŸ¤–,robot,æœºå™¨äºº
0,grinning_cat,ğŸ˜º,grinning cat,å’§å˜´ç¬‘çš„çŒ«
0,grinning_cat_with_smiling_eyes,ğŸ˜¸,grinning cat with smiling eyes,ç¬‘çœ¯çœ¯çš„çŒ«
0,cat_with_tears_of_joy,ğŸ˜¹,cat with tears of joy,å–œæè€Œæ³£çš„çŒ«å’ª
0,smiling_cat_with_heart_eyes,ğŸ˜»,smiling cat with heart-eyes,ç¬‘çœ¯çœ¯çš„çŒ«å’ª
0,cat_with_wry_smile,ğŸ˜¼,cat with wry smile,ç‹¡é» å¾®ç¬‘çš„çŒ«
0,kissing_cat,ğŸ˜½,kissing cat,äº²å»çš„çŒ«
0,weary_cat,ğŸ™€,weary cat,ç–²æƒ«çš„çŒ«
0,crying_cat,ğŸ˜¿,crying cat,å“­æ³£çš„çŒ«
0,pouting_cat,ğŸ˜¾,pouting cat,æ’…å˜´çŒ«
0,see_no_evil_monkey,ğŸ™ˆ,see-no-evil monkey,è§æ€ªä¸æ€ªçš„çŒ´å­
0,hear_no_evil_monkey,ğŸ™‰,hear-no-evil monkey,å¬ä¸è§é‚ªæ¶çš„çŒ´å­
0,speak_no_evil_monkey,ğŸ™Š,speak-no-evil monkey,ä¸ä¼šè¯´è¯çš„çŒ´å­
0,love_letter,ğŸ’Œ,love letter,æƒ…ä¹¦
0,heart_with_arrow,ğŸ’˜,heart with arrow,å¸¦ç®­å¤´çš„å¿ƒ
0,heart_with_ribbon,ğŸ’,heart with ribbon,å¸¦ä¸å¸¦çš„å¿ƒ
0,sparkling_heart,ğŸ’–,sparkling heart,é—ªé—ªå‘å…‰çš„å¿ƒ
0,growing_heart,ğŸ’—,growing heart,æˆé•¿çš„å¿ƒ
0,beating_heart,ğŸ’“,beating heart,è·³åŠ¨çš„å¿ƒ
0,revolving_hearts,ğŸ’,revolving hearts,æ—‹è½¬çš„å¿ƒ
0,two_hearts,ğŸ’•,two hearts,ä¸¤é¢—å¿ƒ
0,heart_decoration,ğŸ’Ÿ,heart decoration,å¿ƒå½¢è£…é¥°
0,heart_exclamation,â£ï¸,heart exclamation,å¿ƒçš„æ„Ÿå¹
0,broken_heart,ğŸ’”,broken heart,ç ´ç¢çš„å¿ƒ
0,heart_on_fire,â¤ï¸â€ğŸ”¥,heart on fire,ç‡ƒçƒ§çš„å¿ƒ
0,mending_heart,â¤ï¸â€ğŸ©¹,mending heart,ä¿®è¡¥çš„å¿ƒ
0,red_heart,â¤ï¸,red heart,çº¢å¿ƒ
0,pink_heart,ğŸ©·,pink heart,ç²‰çº¢ä¹‹å¿ƒ
0,orange_heart,ğŸ§¡,orange heart,æ©™è‰²å¿ƒ
0,yellow_heart,ğŸ’›,yellow heart,é»„å¿ƒ
0,green_heart,ğŸ’š,green heart,ç»¿å¿ƒ
0,blue_heart,ğŸ’™,blue heart,è“å¿ƒ
0,light_blue_heart,ğŸ©µ,light blue heart,æµ…è“å¿ƒ
0,purple_heart,ğŸ’œ,purple heart,ç´«å¿ƒ
0,brown_heart,ğŸ¤,brown heart,æ£•å¿ƒ
0,black_heart,ğŸ–¤,black heart,é»‘å¿ƒ
0,grey_heart,ğŸ©¶,grey heart,ç°è‰²å¿ƒè„
0,white_heart,ğŸ¤,white heart,ç™½è‰²çš„å¿ƒ
0,kiss_mark,ğŸ’‹,kiss mark,å»ç—•
0,hundred_points,ğŸ’¯,hundred points,ç™¾ç‚¹
0,anger_symbol,ğŸ’¢,anger symbol,æ„¤æ€’ç¬¦å·
0,collision,ğŸ’¥,collision,ç¢°æ’
0,dizzy,ğŸ’«,dizzy,æ™•çœ©
0,sweat_droplets,ğŸ’¦,sweat droplets,æ±—æ»´
0,dashing_away,ğŸ’¨,dashing away,å†²èµ°
0,hole,ğŸ•³ï¸,hole,æ´
0,speech_balloon,ğŸ’¬,speech balloon,è¯­è¨€æ°”çƒ
0,eye_in_speech_bubble,ğŸ‘ï¸â€ğŸ—¨ï¸,eye in speech bubble,æ°”æ³¡ä¸­çš„çœ¼ç›
0,left_speech_bubble,ğŸ—¨ï¸,left speech bubble,å·¦æ°”æ³¡
0,right_anger_bubble,ğŸ—¯ï¸,right anger bubble,å³æ„¤æ€’æ°”æ³¡
0,thought_balloon,ğŸ’­,thought balloon,æ€æƒ³æ°”çƒ
0,zzz,ğŸ’¤,ZZZ,ZZZ
1,people_body,,People & Body,äººç‰©å’Œèº«ä½“
1,waving_hand,ğŸ‘‹,waving hand,æŒ¥æ‰‹
1,raised_back_of_hand,ğŸ¤š,raised back of hand,é«˜ä¸¾çš„æ‰‹èƒŒ
1,hand_with_fingers_splayed,ğŸ–ï¸,hand with fingers splayed,æ‰‹æŒ‡å¼ å¼€çš„æ‰‹
1,raised_hand,âœ‹,raised hand,ä¸¾æ‰‹
1,vulcan_salute,ğŸ––,vulcan salute,ç§ƒé¹°ç¤¼
1,rightwards_hand,ğŸ«±,rightwards hand,å‘å³çš„æ‰‹
1,leftwards_hand,ğŸ«²,leftwards hand,å·¦æ‰‹
1,palm_down_hand,ğŸ«³,palm down hand,æ‰‹å¿ƒå‘ä¸‹
1,palm_up_hand,ğŸ«´,palm up hand,æ‰‹å¿ƒå‘ä¸Š
1,leftwards_pushing_hand,ğŸ«·,leftwards pushing hand,å·¦æ¨æ‰‹
1,rightwards_pushing_hand,ğŸ«¸,rightwards pushing hand,å‘å³æ¨çš„æ‰‹
1,ok_hand,ğŸ‘Œ,OK hand,OKæ‰‹
1,pinched_fingers,ğŸ¤Œ,pinched fingers,ææ‰‹æŒ‡
1,pinching_hand,ğŸ¤,pinching hand,ææ‰‹
1,victory_hand,âœŒï¸,victory hand,èƒœåˆ©ä¹‹æ‰‹
1,crossed_fingers,ğŸ¤,crossed fingers,äº¤å‰æ‰‹æŒ‡
1,hand_with_index_finger_and_thumb_crossed,ğŸ«°,hand with index finger and thumb crossed,é£ŸæŒ‡å’Œæ‹‡æŒ‡äº¤å‰çš„æ‰‹
1,love_you_gesture,ğŸ¤Ÿ,love-you gesture,çˆ±ä½ çš„æ‰‹åŠ¿
1,sign_of_the_horns,ğŸ¤˜,sign of the horns,è§’çš„æ‰‹åŠ¿
1,call_me_hand,ğŸ¤™,call me hand,å«æˆ‘çš„æ‰‹
1,backhand_index_pointing_left,ğŸ‘ˆ,backhand index pointing left,åæ‰‹é£ŸæŒ‡æŒ‡å‘å·¦ä¾§
1,backhand_index_pointing_right,ğŸ‘‰,backhand index pointing right,åæ‰‹é£ŸæŒ‡æŒ‡å‘å³
1,backhand_index_pointing_up,ğŸ‘†,backhand index pointing up,åæ‰‹é£ŸæŒ‡å‘ä¸Š
1,middle_finger,ğŸ–•,middle finger,ä¸­æŒ‡
1,backhand_index_pointing_down,ğŸ‘‡,backhand index pointing down,åæ‰‹é£ŸæŒ‡å‘ä¸‹
1,index_pointing_up,â˜ï¸,index pointing up,é£ŸæŒ‡å‘ä¸Š
1,index_pointing_at_the_viewer,ğŸ«µ,index pointing at the viewer,é£ŸæŒ‡æŒ‡å‘è§‚ä¼—
1,thumbs_up,ğŸ‘,thumbs up,å¤§æ‹‡æŒ‡å‘ä¸Š
1,thumbs_down,ğŸ‘,thumbs down,æ‹‡æŒ‡å‘ä¸‹
1,raised_fist,âœŠ,raised fist,ä¸¾æ‹³
1,oncoming_fist,ğŸ‘Š,oncoming fist,è¿é¢æ‹³
1,left_facing_fist,ğŸ¤›,left-facing fist,å·¦æ‹³
1,right_facing_fist,ğŸ¤œ,right-facing fist,å³æ‹³
1,clapping_hands,ğŸ‘,clapping hands,æ‹æ‰‹
1,raising_hands,ğŸ™Œ,raising hands,ä¸¾æ‰‹
1,heart_hands,ğŸ«¶,heart hands,å¿ƒå½¢æ‰‹
1,open_hands,ğŸ‘,open hands,å¼ å¼€åŒæ‰‹
1,palms_up_together,ğŸ¤²,palms up together,åˆæŒ
1,handshake,ğŸ¤,handshake,æ¡æ‰‹
1,folded_hands,ğŸ™,folded hands,åˆåæ‰‹
1,writing_hand,âœï¸,writing hand,å†™å­—çš„æ‰‹
1,nail_polish,ğŸ’…,nail polish,æŒ‡ç”²æ²¹
1,selfie,ğŸ¤³,selfie,è‡ªæ‹
1,flexed_biceps,ğŸ’ª,flexed biceps,å¼¯æ›²çš„äºŒå¤´è‚Œ
1,mechanical_arm,ğŸ¦¾,mechanical arm,æœºæ¢°æ‰‹è‡‚
1,mechanical_leg,ğŸ¦¿,mechanical leg,æœºæ¢°è…¿
1,leg,ğŸ¦µ,leg,è…¿
1,foot,ğŸ¦¶,foot,è„š
1,ear,ğŸ‘‚,ear,è€³æœµ
1,ear_with_hearing_aid,ğŸ¦»,ear with hearing aid,å¸¦åŠ©å¬å™¨çš„è€³æœµ
1,nose,ğŸ‘ƒ,nose,é¼»
1,brain,ğŸ§ ,brain,å¤§è„‘
1,anatomical_heart,ğŸ«€,anatomical heart,è§£å‰–å¿ƒè„
1,lungs,ğŸ«,lungs,è‚º
1,tooth,ğŸ¦·,tooth,ç‰™é½¿
1,bone,ğŸ¦´,bone,éª¨éª¼
1,eyes,ğŸ‘€,eyes,çœ¼ç›
1,eye,ğŸ‘ï¸,eye,çœ¼
1,tongue,ğŸ‘…,tongue,èˆŒ
1,mouth,ğŸ‘„,mouth,å˜´
1,biting_lip,ğŸ«¦,biting lip,å’¬å”‡
1,baby,ğŸ‘¶,baby,å©´å„¿
1,child,ğŸ§’,child,å­©å­
1,boy,ğŸ‘¦,boy,ç”·å­©
1,girl,ğŸ‘§,girl,å¥³å­©
1,person,ğŸ§‘,person,äºº
1,person_blond_hair,ğŸ‘±,person blond hair,é‡‘å‘
1,man,ğŸ‘¨,man,äºº
1,person_beard,ğŸ§”,person beard,äººèƒ¡é¡»
1,man_beard,ğŸ§”â€â™‚ï¸,man beard,ç”·äººèƒ¡é¡»
1,woman_beard,ğŸ§”â€â™€ï¸,woman beard,å¥³äººèƒ¡é¡»
1,man_red_hair,ğŸ‘¨â€ğŸ¦°,man red hair,ç”·äººçº¢å‘
1,man_curly_hair,ğŸ‘¨â€ğŸ¦±,man curly hair,ç”·äººå·å‘
1,man_white_hair,ğŸ‘¨â€ğŸ¦³,man white hair,ç”·äººç™½å‘
1,man_bald,ğŸ‘¨â€ğŸ¦²,man bald,ç”·äººç§ƒå¤´
1,woman,ğŸ‘©,woman,å¥³äºº
1,woman_red_hair,ğŸ‘©â€ğŸ¦°,woman red hair,å¥³äººçº¢å‘
1,person_red_hair,ğŸ§‘â€ğŸ¦°,person red hair,çº¢å‘äºº
1,woman_curly_hair,ğŸ‘©â€ğŸ¦±,woman curly hair,å¥³äººå·å‘
1,person_curly_hair,ğŸ§‘â€ğŸ¦±,person curly hair,å·å‘äºº
1,woman_white_hair,ğŸ‘©â€ğŸ¦³,woman white hair,å¥³äººç™½å‘
1,person_white_hair,ğŸ§‘â€ğŸ¦³,person white hair,ç™½å‘äºº
1,woman_bald,ğŸ‘©â€ğŸ¦²,woman bald,ç§ƒå¤´çš„å¥³äºº
1,person_bald,ğŸ§‘â€ğŸ¦²,person bald,ç§ƒå¤´è€…
1,woman_blond_hair,ğŸ‘±â€â™€ï¸,woman blond hair,é‡‘å‘å¥³äºº
1,man_blond_hair,ğŸ‘±â€â™‚ï¸,man blond hair,é‡‘å‘ç”·å­
1,older_person,ğŸ§“,older person,è€äºº
1,old_man,ğŸ‘´,old man,è€äºº
1,old_woman,ğŸ‘µ,old woman,è€å¦‡äºº
1,person_frowning,ğŸ™,person frowning,çš±çœ‰å¤´çš„äºº
1,man_frowning,ğŸ™â€â™‚ï¸,man frowning,çš±çœ‰å¤´çš„ç”·äºº
1,woman_frowning,ğŸ™â€â™€ï¸,woman frowning,çš±çœ‰å¤´çš„å¥³äºº
1,person_pouting,ğŸ™,person pouting,æ’…å˜´çš„äºº
1,man_pouting,ğŸ™â€â™‚ï¸,man pouting,ç”·äººæ’…å˜´
1,woman_pouting,ğŸ™â€â™€ï¸,woman pouting,å¥³äººå™˜å˜´
1,person_gesturing_no,ğŸ™…,person gesturing NO,äººåš â€œä¸ â€çš„æ‰‹åŠ¿
1,man_gesturing_no,ğŸ™…â€â™‚ï¸,man gesturing NO,ç”·äººæ‰‹åŠ¿ NO
1,woman_gesturing_no,ğŸ™…â€â™€ï¸,woman gesturing NO,å¥³äººæ‰‹åŠ¿ NO
1,person_gesturing_ok,ğŸ™†,person gesturing OK,äººæ‰“æ‰‹åŠ¿ OK
1,man_gesturing_ok,ğŸ™†â€â™‚ï¸,man gesturing OK,ç”·äººæ‰“æ‰‹åŠ¿ OK
1,woman_gesturing_ok,ğŸ™†â€â™€ï¸,woman gesturing OK,å¥³æ€§æ‰‹åŠ¿ OK
1,person_tipping_hand,ğŸ’,person tipping hand,äººå€¾æ–œæ‰‹
1,man_tipping_hand,ğŸ’â€â™‚ï¸,man tipping hand,ç”·å­å€¾æ‰‹
1,woman_tipping_hand,ğŸ’â€â™€ï¸,woman tipping hand,å¥³å£«ä¸¾æ‰‹
1,person_raising_hand,ğŸ™‹,person raising hand,äººä¸¾æ‰‹
1,man_raising_hand,ğŸ™‹â€â™‚ï¸,man raising hand,ç”·å£«ä¸¾æ‰‹
1,woman_raising_hand,ğŸ™‹â€â™€ï¸,woman raising hand,å¥³äººä¸¾æ‰‹
1,deaf_person,ğŸ§,deaf person,è‹å­
1,deaf_man,ğŸ§â€â™‚ï¸,deaf man,è‹äºº
1,deaf_woman,ğŸ§â€â™€ï¸,deaf woman,è‹äºº
1,person_bowing,ğŸ™‡,person bowing,é èº¬çš„äºº
1,man_bowing,ğŸ™‡â€â™‚ï¸,man bowing,ç”·å­é èº¬
1,woman_bowing,ğŸ™‡â€â™€ï¸,woman bowing,é èº¬çš„å¥³äºº
1,person_facepalming,ğŸ¤¦,person facepalming,äººæ‚ç€è„¸
1,man_facepalming,ğŸ¤¦â€â™‚ï¸,man facepalming,ç”·äººæ‚è„¸
1,woman_facepalming,ğŸ¤¦â€â™€ï¸,woman facepalming,å¥³äººæ‚è„¸
1,person_shrugging,ğŸ¤·,person shrugging,äººè€¸è‚©
1,man_shrugging,ğŸ¤·â€â™‚ï¸,man shrugging,ç”·äººè€¸è‚©
1,woman_shrugging,ğŸ¤·â€â™€ï¸,woman shrugging,å¥³äººè€¸è‚©
1,health_worker,ğŸ§‘â€âš•ï¸,health worker,å«ç”Ÿå·¥ä½œè€…
1,man_health_worker,ğŸ‘¨â€âš•ï¸,man health worker,ç”·ä¿å¥å‘˜
1,woman_health_worker,ğŸ‘©â€âš•ï¸,woman health worker,å¥³å«ç”Ÿå‘˜
1,student,ğŸ§‘â€ğŸ“,student,å­¦ç”Ÿ
1,man_student,ğŸ‘¨â€ğŸ“,man student,ç”·å­¦ç”Ÿ
1,woman_student,ğŸ‘©â€ğŸ“,woman student,å¥³å­¦ç”Ÿ
1,teacher,ğŸ§‘â€ğŸ«,teacher,æ•™å¸ˆ
1,man_teacher,ğŸ‘¨â€ğŸ«,man teacher,ç”·æ•™å¸ˆ
1,woman_teacher,ğŸ‘©â€ğŸ«,woman teacher,å¥³æ•™å¸ˆ
1,judge,ğŸ§‘â€âš–ï¸,judge,æ³•å®˜
1,man_judge,ğŸ‘¨â€âš–ï¸,man judge,ç”·æ³•å®˜
1,woman_judge,ğŸ‘©â€âš–ï¸,woman judge,å¥³æ³•å®˜
1,farmer,ğŸ§‘â€ğŸŒ¾,farmer,å†œæ°‘
1,man_farmer,ğŸ‘¨â€ğŸŒ¾,man farmer,ç”·å†œæ°‘
1,woman_farmer,ğŸ‘©â€ğŸŒ¾,woman farmer,å¥³å†œæ°‘
1,cook,ğŸ§‘â€ğŸ³,cook,å¨å¸ˆ
1,man_cook,ğŸ‘¨â€ğŸ³,man cook,ç”·å¨å¸ˆ
1,woman_cook,ğŸ‘©â€ğŸ³,woman cook,å¥³å¨å¸ˆ
1,mechanic,ğŸ§‘â€ğŸ”§,mechanic,æŠ€å·¥
1,man_mechanic,ğŸ‘¨â€ğŸ”§,man mechanic,ç”·æŠ€å·¥
1,woman_mechanic,ğŸ‘©â€ğŸ”§,woman mechanic,å¥³æŠ€å·¥
1,factory_worker,ğŸ§‘â€ğŸ­,factory worker,å·¥å‚å·¥äºº
1,man_factory_worker,ğŸ‘¨â€ğŸ­,man factory worker,å·¥å‚ç”·å·¥
1,woman_factory_worker,ğŸ‘©â€ğŸ­,woman factory worker,å·¥å‚å¥³å·¥
1,office_worker,ğŸ§‘â€ğŸ’¼,office worker,åŠå…¬å®¤å·¥äºº
1,man_office_worker,ğŸ‘¨â€ğŸ’¼,man office worker,ç”·åŠå…¬å®¤å·¥äºº
1,woman_office_worker,ğŸ‘©â€ğŸ’¼,woman office worker,å¥³åŠå…¬å®¤èŒå‘˜
1,scientist,ğŸ§‘â€ğŸ”¬,scientist,ç§‘å­¦å®¶
1,man_scientist,ğŸ‘¨â€ğŸ”¬,man scientist,ç”·ç§‘å­¦å®¶
1,woman_scientist,ğŸ‘©â€ğŸ”¬,woman scientist,å¥³ç§‘å­¦å®¶
1,technologist,ğŸ§‘â€ğŸ’»,technologist,æŠ€æœ¯ä¸“å®¶
1,man_technologist,ğŸ‘¨â€ğŸ’»,man technologist,ç”·æŠ€æœ¯å‘˜
1,woman_technologist,ğŸ‘©â€ğŸ’»,woman technologist,å¥³æŠ€æœ¯ä¸“å®¶
1,singer,ğŸ§‘â€ğŸ¤,singer,æ­Œæ‰‹
1,man_singer,ğŸ‘¨â€ğŸ¤,man singer,ç”·æ­Œæ‰‹
1,woman_singer,ğŸ‘©â€ğŸ¤,woman singer,å¥³æ­Œæ‰‹
1,artist,ğŸ§‘â€ğŸ¨,artist,è‰ºæœ¯å®¶
1,man_artist,ğŸ‘¨â€ğŸ¨,man artist,ç”·è‰ºæœ¯å®¶
1,woman_artist,ğŸ‘©â€ğŸ¨,woman artist,å¥³è‰ºæœ¯å®¶
1,pilot,ğŸ§‘â€âœˆï¸,pilot,é£è¡Œå‘˜
1,man_pilot,ğŸ‘¨â€âœˆï¸,man pilot,ç”·é£è¡Œå‘˜
1,woman_pilot,ğŸ‘©â€âœˆï¸,woman pilot,å¥³é£è¡Œå‘˜
1,astronaut,ğŸ§‘â€ğŸš€,astronaut,å®‡èˆªå‘˜
1,man_astronaut,ğŸ‘¨â€ğŸš€,man astronaut,ç”·å®‡èˆªå‘˜
1,woman_astronaut,ğŸ‘©â€ğŸš€,woman astronaut,å¥³å®‡èˆªå‘˜
1,firefighter,ğŸ§‘â€ğŸš’,firefighter,æ¶ˆé˜²å‘˜
1,man_firefighter,ğŸ‘¨â€ğŸš’,man firefighter,ç”·æ¶ˆé˜²å‘˜
1,woman_firefighter,ğŸ‘©â€ğŸš’,woman firefighter,å¥³æ¶ˆé˜²å‘˜
1,police_officer,ğŸ‘®,police officer,è­¦å®˜
1,man_police_officer,ğŸ‘®â€â™‚ï¸,man police officer,ç”·è­¦å®˜
1,woman_police_officer,ğŸ‘®â€â™€ï¸,woman police officer,å¥³è­¦å®˜
1,detective,ğŸ•µï¸,detective,ä¾¦æ¢
1,man_detective,ğŸ•µï¸â€â™‚ï¸,man detective,ç”·ä¾¦æ¢
1,woman_detective,ğŸ•µï¸â€â™€ï¸,woman detective,å¥³ä¾¦æ¢
1,guard,ğŸ’‚,guard,è­¦å«
1,man_guard,ğŸ’‚â€â™‚ï¸,man guard,ç”·è­¦å«
1,woman_guard,ğŸ’‚â€â™€ï¸,woman guard,å¥³è­¦å«
1,ninja,ğŸ¥·,ninja,å¿è€…
1,construction_worker,ğŸ‘·,construction worker,å»ºç­‘å·¥äºº
1,man_construction_worker,ğŸ‘·â€â™‚ï¸,man construction worker,ç”·å»ºç­‘å·¥äºº
1,woman_construction_worker,ğŸ‘·â€â™€ï¸,woman construction worker,å¥³å»ºç­‘å·¥äºº
1,person_with_crown,ğŸ«…,person with crown,å¸¦çš‡å† çš„äºº
1,prince,ğŸ¤´,prince,ç‹å­
1,princess,ğŸ‘¸,princess,å…¬ä¸»
1,person_wearing_turban,ğŸ‘³,person wearing turban,æˆ´å¤´å·¾çš„äºº
1,man_wearing_turban,ğŸ‘³â€â™‚ï¸,man wearing turban,æˆ´å¤´å·¾çš„ç”·å­
1,woman_wearing_turban,ğŸ‘³â€â™€ï¸,woman wearing turban,æˆ´å¤´å·¾çš„å¥³äºº
1,person_with_skullcap,ğŸ‘²,person with skullcap,æˆ´å¤´å·¾çš„äºº
1,woman_with_headscarf,ğŸ§•,woman with headscarf,æˆ´å¤´å·¾çš„å¥³äºº
1,person_in_tuxedo,ğŸ¤µ,person in tuxedo,ç©¿ç‡•å°¾æœçš„äºº
1,man_in_tuxedo,ğŸ¤µâ€â™‚ï¸,man in tuxedo,ç©¿ç‡•å°¾æœçš„ç”·å£«
1,woman_in_tuxedo,ğŸ¤µâ€â™€ï¸,woman in tuxedo,ç©¿ç‡•å°¾æœçš„å¥³å£«
1,person_with_veil,ğŸ‘°,person with veil,æˆ´é¢çº±çš„äºº
1,man_with_veil,ğŸ‘°â€â™‚ï¸,man with veil,æˆ´é¢çº±çš„ç”·å£«
1,woman_with_veil,ğŸ‘°â€â™€ï¸,woman with veil,æˆ´é¢çº±çš„å¥³äºº
1,pregnant_woman,ğŸ¤°,pregnant woman,å­•å¦‡
1,pregnant_man,ğŸ«ƒ,pregnant man,æ€€å­•ç”·å­
1,pregnant_person,ğŸ«„,pregnant person,å­•å¦‡
1,breast_feeding,ğŸ¤±,breast-feeding,å“ºä¹³
1,woman_feeding_baby,ğŸ‘©â€ğŸ¼,woman feeding baby,å–‚å…»å©´å„¿çš„å¦‡å¥³
1,man_feeding_baby,ğŸ‘¨â€ğŸ¼,man feeding baby,ç”·å­å–‚å…»å©´å„¿
1,person_feeding_baby,ğŸ§‘â€ğŸ¼,person feeding baby,å–‚å…»å©´å„¿çš„äºº
1,baby_angel,ğŸ‘¼,baby angel,å©´å„¿å¤©ä½¿
1,santa_claus,ğŸ…,Santa Claus,åœ£è¯è€äºº
1,mrs_claus,ğŸ¤¶,Mrs. Claus,åœ£è¯å¤«äºº
1,mx_claus,ğŸ§‘â€ğŸ„,Mx Claus,åœ£è¯è€äºº
1,superhero,ğŸ¦¸,superhero,è¶…çº§è‹±é›„
1,man_superhero,ğŸ¦¸â€â™‚ï¸,man superhero,ç”·è¶…çº§è‹±é›„
1,woman_superhero,ğŸ¦¸â€â™€ï¸,woman superhero,å¥³è¶…çº§è‹±é›„
1,supervillain,ğŸ¦¹,supervillain,è¶…çº§åæ´¾
1,man_supervillain,ğŸ¦¹â€â™‚ï¸,man supervillain,ç”·äººè¶…çº§åæ´¾
1,woman_supervillain,ğŸ¦¹â€â™€ï¸,woman supervillain,å¥³è¶…äºº
1,mage,ğŸ§™,mage,æ³•å¸ˆ
1,man_mage,ğŸ§™â€â™‚ï¸,man mage,ç”·æ³•å¸ˆ
1,woman_mage,ğŸ§™â€â™€ï¸,woman mage,å¥³æ³•å¸ˆ
1,fairy,ğŸ§š,fairy,ä»™å¥³
1,man_fairy,ğŸ§šâ€â™‚ï¸,man fairy,ç”·ä»™å¥³
1,woman_fairy,ğŸ§šâ€â™€ï¸,woman fairy,å¥³ä»™
1,vampire,ğŸ§›,vampire,å¸è¡€é¬¼
1,man_vampire,ğŸ§›â€â™‚ï¸,man vampire,ç”·å¸è¡€é¬¼
1,woman_vampire,ğŸ§›â€â™€ï¸,woman vampire,å¥³å¸è¡€é¬¼
1,merperson,ğŸ§œ,merperson,äººé±¼
1,merman,ğŸ§œâ€â™‚ï¸,merman,äººé±¼
1,mermaid,ğŸ§œâ€â™€ï¸,mermaid,ç¾äººé±¼
1,elf,ğŸ§,elf,ç²¾çµ
1,man_elf,ğŸ§â€â™‚ï¸,man elf,ç”·äººç²¾çµ
1,woman_elf,ğŸ§â€â™€ï¸,woman elf,å¥³ç²¾çµ
1,genie,ğŸ§,genie,ç²¾çµ
1,man_genie,ğŸ§â€â™‚ï¸,man genie,ç”·ç²¾çµ
1,woman_genie,ğŸ§â€â™€ï¸,woman genie,å¥³ç²¾çµ
1,zombie,ğŸ§Ÿ,zombie,åƒµå°¸
1,man_zombie,ğŸ§Ÿâ€â™‚ï¸,man zombie,ç”·äººåƒµå°¸
1,woman_zombie,ğŸ§Ÿâ€â™€ï¸,woman zombie,å¥³åƒµå°¸
1,troll,ğŸ§Œ,troll,å·¨æ€ª
1,person_getting_massage,ğŸ’†,person getting massage,æŒ‰æ‘©çš„äºº
1,man_getting_massage,ğŸ’†â€â™‚ï¸,man getting massage,ç”·å­æŒ‰æ‘©
1,woman_getting_massage,ğŸ’†â€â™€ï¸,woman getting massage,æŒ‰æ‘©çš„å¥³äºº
1,person_getting_haircut,ğŸ’‡,person getting haircut,ç†å‘çš„äºº
1,man_getting_haircut,ğŸ’‡â€â™‚ï¸,man getting haircut,ç†å‘çš„ç”·äºº
1,woman_getting_haircut,ğŸ’‡â€â™€ï¸,woman getting haircut,ç†å‘çš„å¥³äºº
1,person_walking,ğŸš¶,person walking,æ•£æ­¥çš„äºº
1,man_walking,ğŸš¶â€â™‚ï¸,man walking,ç”·äººæ•£æ­¥
1,woman_walking,ğŸš¶â€â™€ï¸,woman walking,èµ°è·¯çš„å¥³äºº
1,person_walking_facing_right,ğŸš¶â€â¡ï¸,person walking facing right,å‘å³èµ°çš„äºº
1,woman_walking_facing_right,ğŸš¶â€â™€ï¸â€â¡ï¸,woman walking facing right,é¢æœå³è¡Œèµ°çš„å¥³äºº
1,man_walking_facing_right,ğŸš¶â€â™‚ï¸â€â¡ï¸,man walking facing right,ç”·å­é¢å‘å³è¡Œèµ°
1,person_standing,ğŸ§,person standing,äººç«™ç€
1,man_standing,ğŸ§â€â™‚ï¸,man standing,ç”·å­ç«™ç«‹
1,woman_standing,ğŸ§â€â™€ï¸,woman standing,å¥³äººç«™ç«‹
1,person_kneeling,ğŸ§,person kneeling,äººè·ªç€
1,man_kneeling,ğŸ§â€â™‚ï¸,man kneeling,ç”·å­è·ªç€
1,woman_kneeling,ğŸ§â€â™€ï¸,woman kneeling,å¥³è·ª
1,person_kneeling_facing_right,ğŸ§â€â¡ï¸,person kneeling facing right,äººé¢å‘å³è·ª
1,woman_kneeling_facing_right,ğŸ§â€â™€ï¸â€â¡ï¸,woman kneeling facing right,å¥³å­é¢å‘å³è·ª
1,man_kneeling_facing_right,ğŸ§â€â™‚ï¸â€â¡ï¸,man kneeling facing right,ç”·å­é¢å‘å³è·ª
1,person_with_white_cane,ğŸ§‘â€ğŸ¦¯,person with white cane,æ‰‹æŒç™½è‰²æ‹æ–è€…
1,person_with_white_cane_facing_right,ğŸ§‘â€ğŸ¦¯â€â¡ï¸,person with white cane facing right,æ‰‹æŒç™½è‰²æ‹æ–çš„äººé¢å‘å³
1,man_with_white_cane,ğŸ‘¨â€ğŸ¦¯,man with white cane,æ‰‹æŒç™½è‰²æ‹æ–çš„ç”·å­
1,man_with_white_cane_facing_right,ğŸ‘¨â€ğŸ¦¯â€â¡ï¸,man with white cane facing right,æ‰‹æŒç™½è‰²æ‹æ–çš„ç”·å­é¢å‘å³
1,woman_with_white_cane,ğŸ‘©â€ğŸ¦¯,woman with white cane,æ‰‹æŒç™½è‰²æ‹æ–çš„å¦‡å¥³
1,woman_with_white_cane_facing_right,ğŸ‘©â€ğŸ¦¯â€â¡ï¸,woman with white cane facing right,æ‹„ç™½è‰²æ‹æ–çš„å¦‡å¥³é¢å‘å³ä¾§
1,person_in_motorized_wheelchair,ğŸ§‘â€ğŸ¦¼,person in motorized wheelchair,åç”µåŠ¨è½®æ¤…è€…
1,person_in_motorized_wheelchair_facing_right,ğŸ§‘â€ğŸ¦¼â€â¡ï¸,person in motorized wheelchair facing right,åç”µåŠ¨è½®æ¤…çš„äººé¢å‘å³ä¾§
1,man_in_motorized_wheelchair,ğŸ‘¨â€ğŸ¦¼,man in motorized wheelchair,åç”µåŠ¨è½®æ¤…çš„ç”·å­
1,man_in_motorized_wheelchair_facing_right,ğŸ‘¨â€ğŸ¦¼â€â¡ï¸,man in motorized wheelchair facing right,ååœ¨ç”µåŠ¨è½®æ¤…ä¸Šçš„ç”·å­é¢å‘å³ä¾§
1,woman_in_motorized_wheelchair,ğŸ‘©â€ğŸ¦¼,woman in motorized wheelchair,ååœ¨ç”µåŠ¨è½®æ¤…ä¸Šçš„å¦‡å¥³
1,woman_in_motorized_wheelchair_facing_right,ğŸ‘©â€ğŸ¦¼â€â¡ï¸,woman in motorized wheelchair facing right,ç”µåŠ¨è½®æ¤…ä¸Šçš„å¥³æ€§ï¼Œé¢å‘å³ä¾§
1,person_in_manual_wheelchair,ğŸ§‘â€ğŸ¦½,person in manual wheelchair,åæ‰‹åŠ¨è½®æ¤…çš„äºº
1,person_in_manual_wheelchair_facing_right,ğŸ§‘â€ğŸ¦½â€â¡ï¸,person in manual wheelchair facing right,ååœ¨æ‰‹åŠ¨è½®æ¤…ä¸Šçš„äººé¢å‘å³ä¾§
1,man_in_manual_wheelchair,ğŸ‘¨â€ğŸ¦½,man in manual wheelchair,åæ‰‹åŠ¨è½®æ¤…çš„ç”·å­
1,man_in_manual_wheelchair_facing_right,ğŸ‘¨â€ğŸ¦½â€â¡ï¸,man in manual wheelchair facing right,ç”·å­ååœ¨æ‰‹åŠ¨è½®æ¤…ä¸Šï¼Œé¢å‘å³ä¾§
1,woman_in_manual_wheelchair,ğŸ‘©â€ğŸ¦½,woman in manual wheelchair,åæ‰‹åŠ¨è½®æ¤…çš„å¦‡å¥³
1,woman_in_manual_wheelchair_facing_right,ğŸ‘©â€ğŸ¦½â€â¡ï¸,woman in manual wheelchair facing right,ååœ¨æ‰‹åŠ¨è½®æ¤…ä¸Šçš„å¦‡å¥³é¢å‘å³ä¾§
1,person_running,ğŸƒ,person running,è·‘æ­¥çš„äºº
1,man_running,ğŸƒâ€â™‚ï¸,man running,ç”·å­è·‘æ­¥
1,woman_running,ğŸƒâ€â™€ï¸,woman running,å¥³å­è·‘æ­¥
1,person_running_facing_right,ğŸƒâ€â¡ï¸,person running facing right,äººå‘å³è·‘
1,woman_running_facing_right,ğŸƒâ€â™€ï¸â€â¡ï¸,woman running facing right,é¢å‘å³ä¾§è·‘æ­¥çš„å¦‡å¥³
1,man_running_facing_right,ğŸƒâ€â™‚ï¸â€â¡ï¸,man running facing right,ç”·å­å‘å³è·‘
1,woman_dancing,ğŸ’ƒ,woman dancing,å¥³äººè·³èˆ
1,man_dancing,ğŸ•º,man dancing,ç”·å­è·³èˆ
1,person_in_suit_levitating,ğŸ•´ï¸,person in suit levitating,ç©¿è¥¿è£…çš„äººæ‚¬æµ®
1,people_with_bunny_ears,ğŸ‘¯,people with bunny ears,å¸¦å…”å­è€³æœµçš„äºº
1,men_with_bunny_ears,ğŸ‘¯â€â™‚ï¸,men with bunny ears,å…”è€³æœµç”·å­
1,women_with_bunny_ears,ğŸ‘¯â€â™€ï¸,women with bunny ears,å¸¦å…”å­è€³æœµçš„å¥³äºº
1,person_in_steamy_room,ğŸ§–,person in steamy room,è’¸æ±½æˆ¿ä¸­çš„äºº
1,man_in_steamy_room,ğŸ§–â€â™‚ï¸,man in steamy room,è’¸æ±½æˆ¿ä¸­çš„ç”·äºº
1,woman_in_steamy_room,ğŸ§–â€â™€ï¸,woman in steamy room,è’¸ç¬¼é‡Œçš„å¥³äºº
1,person_climbing,ğŸ§—,person climbing,æ”€çˆ¬çš„äºº
1,man_climbing,ğŸ§—â€â™‚ï¸,man climbing,ç”·å­æ”€çˆ¬
1,woman_climbing,ğŸ§—â€â™€ï¸,woman climbing,å¥³äººç™»å±±
1,person_fencing,ğŸ¤º,person fencing,å‡»å‰‘
1,horse_racing,ğŸ‡,horse racing,èµ›é©¬
1,skier,â›·ï¸,skier,æ»‘é›ª
1,snowboarder,ğŸ‚,snowboarder,å•æ¿æ»‘é›ª
1,person_golfing,ğŸŒï¸,person golfing,äººæ‰“é«˜å°”å¤«
1,man_golfing,ğŸŒï¸â€â™‚ï¸,man golfing,ç”·å­é«˜å°”å¤«
1,woman_golfing,ğŸŒï¸â€â™€ï¸,woman golfing,å¥³å­é«˜å°”å¤«
1,person_surfing,ğŸ„,person surfing,å†²æµª
1,man_surfing,ğŸ„â€â™‚ï¸,man surfing,ç”·å­å†²æµª
1,woman_surfing,ğŸ„â€â™€ï¸,woman surfing,å¥³å­å†²æµª
1,person_rowing_boat,ğŸš£,person rowing boat,åˆ’èˆ¹çš„äºº
1,man_rowing_boat,ğŸš£â€â™‚ï¸,man rowing boat,ç”·å­åˆ’èˆ¹
1,woman_rowing_boat,ğŸš£â€â™€ï¸,woman rowing boat,å¥³å­åˆ’èˆ¹
1,person_swimming,ğŸŠ,person swimming,äººæ¸¸æ³³
1,man_swimming,ğŸŠâ€â™‚ï¸,man swimming,ç”·å­æ¸¸æ³³
1,woman_swimming,ğŸŠâ€â™€ï¸,woman swimming,å¥³å­æ¸¸æ³³
1,person_bouncing_ball,â›¹ï¸,person bouncing ball,äººå¼¹çƒ
1,man_bouncing_ball,â›¹ï¸â€â™‚ï¸,man bouncing ball,ç”·å­å¼¹çƒ
1,woman_bouncing_ball,â›¹ï¸â€â™€ï¸,woman bouncing ball,å¥³äººå¼¹çƒ
1,person_lifting_weights,ğŸ‹ï¸,person lifting weights,äººä¸¾é‡
1,man_lifting_weights,ğŸ‹ï¸â€â™‚ï¸,man lifting weights,ç”·å­ä¸¾é‡
1,woman_lifting_weights,ğŸ‹ï¸â€â™€ï¸,woman lifting weights,å¥³å­ä¸¾é‡
1,person_biking,ğŸš´,person biking,éª‘è‡ªè¡Œè½¦çš„äºº
1,man_biking,ğŸš´â€â™‚ï¸,man biking,ç”·å­éª‘è‡ªè¡Œè½¦
1,woman_biking,ğŸš´â€â™€ï¸,woman biking,å¥³å­éª‘è‡ªè¡Œè½¦
1,person_mountain_biking,ğŸšµ,person mountain biking,äººéª‘å±±åœ°è‡ªè¡Œè½¦
1,man_mountain_biking,ğŸšµâ€â™‚ï¸,man mountain biking,ç”·å­å±±åœ°è‡ªè¡Œè½¦
1,woman_mountain_biking,ğŸšµâ€â™€ï¸,woman mountain biking,å¥³å­å±±åœ°è‡ªè¡Œè½¦
1,person_cartwheeling,ğŸ¤¸,person cartwheeling,äººæ¨è½¦
1,man_cartwheeling,ğŸ¤¸â€â™‚ï¸,man cartwheeling,ç”·å­ç¿»è½¦
1,woman_cartwheeling,ğŸ¤¸â€â™€ï¸,woman cartwheeling,å¥³å­ç¿»è½¦
1,people_wrestling,ğŸ¤¼,people wrestling,äººæ‘”è·¤
1,men_wrestling,ğŸ¤¼â€â™‚ï¸,men wrestling,ç”·å­æ‘”è·¤
1,women_wrestling,ğŸ¤¼â€â™€ï¸,women wrestling,å¥³å­æ‘”è·¤
1,person_playing_water_polo,ğŸ¤½,person playing water polo,äººæ‰“æ°´çƒ
1,man_playing_water_polo,ğŸ¤½â€â™‚ï¸,man playing water polo,ç”·å­æ‰“æ°´çƒ
1,woman_playing_water_polo,ğŸ¤½â€â™€ï¸,woman playing water polo,å¥³å­æ‰“æ°´çƒ
1,person_playing_handball,ğŸ¤¾,person playing handball,ç©æ‰‹çƒçš„äºº
1,man_playing_handball,ğŸ¤¾â€â™‚ï¸,man playing handball,ç”·å­æ‰“æ‰‹çƒ
1,woman_playing_handball,ğŸ¤¾â€â™€ï¸,woman playing handball,ç©æ‰‹çƒçš„å¥³äºº
1,person_juggling,ğŸ¤¹,person juggling,ç©æ‚è€çš„äºº
1,man_juggling,ğŸ¤¹â€â™‚ï¸,man juggling,ç”·å­ç©æ‰‹çƒ
1,woman_juggling,ğŸ¤¹â€â™€ï¸,woman juggling,ç©æ‚è€çš„å¥³äºº
1,person_in_lotus_position,ğŸ§˜,person in lotus position,è²èŠ±
1,man_in_lotus_position,ğŸ§˜â€â™‚ï¸,man in lotus position,ç”·å­è²èŠ±å¼
1,woman_in_lotus_position,ğŸ§˜â€â™€ï¸,woman in lotus position,å¥³å­è²èŠ±åº§
1,person_taking_bath,ğŸ›€,person taking bath,äººåœ¨æ´—æ¾¡
1,person_in_bed,ğŸ›Œ,person in bed,åºŠä¸Šçš„äºº
1,people_holding_hands,ğŸ§‘â€ğŸ¤â€ğŸ§‘,people holding hands,ç‰µæ‰‹çš„äºº
1,women_holding_hands,ğŸ‘­,women holding hands,ç‰µæ‰‹çš„å¥³äºº
1,woman_and_man_holding_hands,ğŸ‘«,woman and man holding hands,ç”·å¥³ç‰µæ‰‹
1,men_holding_hands,ğŸ‘¬,men holding hands,ç”·äººç‰µæ‰‹
1,kiss,ğŸ’,kiss,æ¥å»
1,kiss_woman_man,ğŸ‘©â€â¤ï¸â€ğŸ’‹â€ğŸ‘¨,"kiss woman, man",äº²å»å¥³äººã€ç”·äºº
1,kiss_man_man,ğŸ‘¨â€â¤ï¸â€ğŸ’‹â€ğŸ‘¨,"kiss man, man",å»ç”·äººï¼Œç”·äºº
1,kiss_woman_woman,ğŸ‘©â€â¤ï¸â€ğŸ’‹â€ğŸ‘©,"kiss woman, woman",äº²å»å¥³äººï¼Œå¥³äºº
1,couple_with_heart,ğŸ’‘,couple with heart,å¿ƒå½¢æƒ…ä¾£
1,couple_with_heart_woman_man,ğŸ‘©â€â¤ï¸â€ğŸ‘¨,"couple with heart woman, man",æœ‰å¿ƒæƒ…ä¾£ å¥³äººï¼Œç”·äºº
1,couple_with_heart_man_man,ğŸ‘¨â€â¤ï¸â€ğŸ‘¨,"couple with heart man, man",æœ‰å¿ƒæƒ…ä¾£ï¼Œç”·ï¼Œç”·
1,couple_with_heart_woman_woman,ğŸ‘©â€â¤ï¸â€ğŸ‘©,"couple with heart woman, woman",å¿ƒå¿ƒç›¸å°çš„æƒ…ä¾£ å¥³äººã€å¥³äºº
1,family_man_woman_boy,ğŸ‘¨â€ğŸ‘©â€ğŸ‘¦,"family man, woman, boy",å®¶åº­ç”·äººã€å¥³äººã€ç”·å­©
1,family_man_woman_girl,ğŸ‘¨â€ğŸ‘©â€ğŸ‘§,"family man, woman, girl",å®¶åº­ç”·å¥³ã€å¥³å­©
1,family_man_woman_girl_boy,ğŸ‘¨â€ğŸ‘©â€ğŸ‘§â€ğŸ‘¦,"family man, woman, girl, boy",å®¶åº­ç”·å¥³ã€å¥³å­©ã€ç”·å­©
1,family_man_woman_boy_boy,ğŸ‘¨â€ğŸ‘©â€ğŸ‘¦â€ğŸ‘¦,"family man, woman, boy, boy",å®¶åº­ä¸­çš„ç”·äººã€å¥³äººã€ç”·å­©ã€ç”·å­©
1,family_man_woman_girl_girl,ğŸ‘¨â€ğŸ‘©â€ğŸ‘§â€ğŸ‘§,"family man, woman, girl, girl",å®¶åº­ç”·å¥³ã€å¥³å­©ã€ç”·å­©
1,family_man_man_boy,ğŸ‘¨â€ğŸ‘¨â€ğŸ‘¦,"family man, man, boy",å®¶åº­ç”·äººã€ç”·äººã€ç”·å­©
1,family_man_man_girl,ğŸ‘¨â€ğŸ‘¨â€ğŸ‘§,"family man, man, girl",å®¶åº­ç”·äººã€ç”·äººã€å¥³å­©
1,family_man_man_girl_boy,ğŸ‘¨â€ğŸ‘¨â€ğŸ‘§â€ğŸ‘¦,"family man, man, girl, boy",å®¶åº­ç”·äººã€ç”·äººã€å¥³å­©ã€ç”·å­©
1,family_man_man_boy_boy,ğŸ‘¨â€ğŸ‘¨â€ğŸ‘¦â€ğŸ‘¦,"family man, man, boy, boy",å®¶åº­ç”·äººã€ç”·äººã€ç”·å­©ã€ç”·å­©
1,family_man_man_girl_girl,ğŸ‘¨â€ğŸ‘¨â€ğŸ‘§â€ğŸ‘§,"family man, man, girl, girl",å®¶åº­ç”·äººã€ç”·äººã€å¥³å­©ã€å¥³å­©
1,family_woman_woman_boy,ğŸ‘©â€ğŸ‘©â€ğŸ‘¦,"family woman, woman, boy",å®¶åº­å¥³äººã€å¥³äººã€ç”·å­©
1,family_woman_woman_girl,ğŸ‘©â€ğŸ‘©â€ğŸ‘§,"family woman, woman, girl",å®¶åº­å¥³äººã€å¥³äººã€å¥³å­©
1,family_woman_woman_girl_boy,ğŸ‘©â€ğŸ‘©â€ğŸ‘§â€ğŸ‘¦,"family woman, woman, girl, boy",å®¶åº­å¥³äººã€å¥³äººã€å¥³å­©ã€ç”·å­©
1,family_woman_woman_boy_boy,ğŸ‘©â€ğŸ‘©â€ğŸ‘¦â€ğŸ‘¦,"family woman, woman, boy, boy",å®¶åº­å¥³äººã€å¥³äººã€ç”·å­©ã€ç”·å­©
1,family_woman_woman_girl_girl,ğŸ‘©â€ğŸ‘©â€ğŸ‘§â€ğŸ‘§,"family woman, woman, girl, girl",å®¶åº­å¥³äººã€å¥³äººã€å¥³å­©ã€å¥³å­©
1,family_man_boy,ğŸ‘¨â€ğŸ‘¦,"family man, boy",å®¶åº­ç”·äººã€ç”·å­©
1,family_man_boy_boy,ğŸ‘¨â€ğŸ‘¦â€ğŸ‘¦,"family man, boy, boy",å®¶åº­ç”·å­ã€ç”·å­©ã€ç”·å­©
1,family_man_girl,ğŸ‘¨â€ğŸ‘§,"family man, girl",å®¶åº­ç”·å­ã€å¥³å­
1,family_man_girl_boy,ğŸ‘¨â€ğŸ‘§â€ğŸ‘¦,"family man, girl, boy",å®¶åº­ç”·å­ã€å¥³å­©ã€ç”·å­©
1,family_man_girl_girl,ğŸ‘¨â€ğŸ‘§â€ğŸ‘§,"family man, girl, girl",å®¶åº­ç”·å­ã€å¥³å­ã€å¥³å­
1,family_woman_boy,ğŸ‘©â€ğŸ‘¦,"family woman, boy",å®¶åº­å¦‡å¥³ã€ç”·å­©
1,family_woman_boy_boy,ğŸ‘©â€ğŸ‘¦â€ğŸ‘¦,"family woman, boy, boy",å®¶åº­å¦‡å¥³ã€ç”·å­©ã€ç”·å­©
1,family_woman_girl,ğŸ‘©â€ğŸ‘§,"family woman, girl",å®¶åº­å¦‡å¥³ã€å¥³å­©
1,family_woman_girl_boy,ğŸ‘©â€ğŸ‘§â€ğŸ‘¦,"family woman, girl, boy",å®¶åº­å¦‡å¥³ã€å¥³å­©ã€ç”·å­©
1,family_woman_girl_girl,ğŸ‘©â€ğŸ‘§â€ğŸ‘§,"family woman, girl, girl",å®¶åº­å¦‡å¥³ã€å¥³å­©ã€å¥³å­©
1,speaking_head,ğŸ—£ï¸,speaking head,è¯´è¯å¤´åƒ
1,bust_in_silhouette,ğŸ‘¤,bust in silhouette,åŠèº«å‰ªå½±
1,busts_in_silhouette,ğŸ‘¥,busts in silhouette,åŠèº«å‰ªå½±
1,people_hugging,ğŸ«‚,people hugging,æ‹¥æŠ±çš„äººä»¬
1,family,ğŸ‘ª,family,å®¶åº­
1,family_adult_adult_child,ğŸ§‘â€ğŸ§‘â€ğŸ§’,"family adult, adult, child",å®¶åº­æˆäººã€æˆäººã€å„¿ç«¥
1,family_adult_adult_child_child,ğŸ§‘â€ğŸ§‘â€ğŸ§’â€ğŸ§’,"family adult, adult, child, child",å®¶åº­æˆäººã€æˆäººã€å„¿ç«¥ã€å„¿ç«¥
1,family_adult_child,ğŸ§‘â€ğŸ§’,"family adult, child",å®¶åº­æˆäººã€å„¿ç«¥
1,family_adult_child_child,ğŸ§‘â€ğŸ§’â€ğŸ§’,"family adult, child, child",å®¶åº­æˆäººã€å„¿ç«¥ã€å„¿ç«¥
1,footprints,ğŸ‘£,footprints,è„šå°
1,fingerprint,ğŸ«†,fingerprint,æŒ‡çº¹
2,animals_nature,,Animals & Nature,åŠ¨ç‰©ä¸è‡ªç„¶
2,monkey_face,ğŸµ,monkey face,çŒ´è„¸
2,monkey,ğŸ’,monkey,çŒ´å­
2,gorilla,ğŸ¦,gorilla,å¤§çŒ©çŒ©
2,orangutan,ğŸ¦§,orangutan,çŒ©çŒ©
2,dog_face,ğŸ¶,dog face,ç‹—è„¸
2,dog,ğŸ•,dog,ç‹—
2,guide_dog,ğŸ¦®,guide dog,å¯¼ç›²çŠ¬
2,service_dog,ğŸ•â€ğŸ¦º,service dog,æœåŠ¡çŠ¬
2,poodle,ğŸ©,poodle,è´µå®¾çŠ¬
2,wolf,ğŸº,wolf,ç‹¼
2,fox,ğŸ¦Š,fox,ç‹ç‹¸
2,raccoon,ğŸ¦,raccoon,æµ£ç†Š
2,cat_face,ğŸ±,cat face,çŒ«è„¸
2,cat,ğŸˆ,cat,çŒ«
2,black_cat,ğŸˆâ€â¬›,black cat,é»‘çŒ«
2,lion,ğŸ¦,lion,ç‹®å­
2,tiger_face,ğŸ¯,tiger face,è™è„¸
2,tiger,ğŸ…,tiger,è€è™
2,leopard,ğŸ†,leopard,è±¹
2,horse_face,ğŸ´,horse face,é©¬è„¸
2,moose,ğŸ«,moose,é©¼é¹¿
2,donkey,ğŸ«,donkey,é©´
2,horse,ğŸ,horse,é©¬
2,unicorn,ğŸ¦„,unicorn,ç‹¬è§’å…½
2,zebra,ğŸ¦“,zebra,æ–‘é©¬
2,deer,ğŸ¦Œ,deer,é¹¿
2,bison,ğŸ¦¬,bison,é‡ç‰›
2,cow_face,ğŸ®,cow face,ç‰›è„¸
2,ox,ğŸ‚,ox,é»„ç‰›
2,water_buffalo,ğŸƒ,water buffalo,æ°´ç‰›
2,cow,ğŸ„,cow,ç‰›
2,pig_face,ğŸ·,pig face,çŒªè„¸
2,pig,ğŸ–,pig,çŒª
2,boar,ğŸ—,boar,é‡çŒª
2,pig_nose,ğŸ½,pig nose,çŒªé¼»å­
2,ram,ğŸ,ram,å…¬ç¾Š
2,ewe,ğŸ‘,ewe,æ¯ç¾Š
2,goat,ğŸ,goat,å±±ç¾Š
2,camel,ğŸª,camel,éª†é©¼
2,two_hump_camel,ğŸ«,two-hump camel,åŒå³°é©¼
2,llama,ğŸ¦™,llama,ç¾æ´²é©¼
2,giraffe,ğŸ¦’,giraffe,é•¿é¢ˆé¹¿
2,elephant,ğŸ˜,elephant,å¤§è±¡
2,mammoth,ğŸ¦£,mammoth,çŒ›çŠ¸è±¡
2,rhinoceros,ğŸ¦,rhinoceros,çŠ€ç‰›
2,hippopotamus,ğŸ¦›,hippopotamus,æ²³é©¬
2,mouse_face,ğŸ­,mouse face,é¼ è„¸
2,mouse,ğŸ,mouse,è€é¼ 
2,rat,ğŸ€,rat,å¤§é¼ 
2,hamster,ğŸ¹,hamster,ä»“é¼ 
2,rabbit_face,ğŸ°,rabbit face,å…”å­è„¸
2,rabbit,ğŸ‡,rabbit,å…”å­
2,chipmunk,ğŸ¿ï¸,chipmunk,èŠ±æ —é¼ 
2,beaver,ğŸ¦«,beaver,æµ·ç‹¸
2,hedgehog,ğŸ¦”,hedgehog,åˆºçŒ¬
2,bat,ğŸ¦‡,bat,è™è 
2,bear,ğŸ»,bear,ç†Š
2,polar_bear,ğŸ»â€â„ï¸,polar bear,åŒ—æç†Š
2,koala,ğŸ¨,koala,è€ƒæ‹‰
2,panda,ğŸ¼,panda,ç†ŠçŒ«
2,sloth,ğŸ¦¥,sloth,æ ‘æ‡’
2,otter,ğŸ¦¦,otter,æ°´ç­
2,skunk,ğŸ¦¨,skunk,è‡­é¼¬
2,kangaroo,ğŸ¦˜,kangaroo,è¢‹é¼ 
2,badger,ğŸ¦¡,badger,ç¾
2,paw_prints,ğŸ¾,paw prints,çˆªå°
2,turkey,ğŸ¦ƒ,turkey,ç«é¸¡
2,chicken,ğŸ”,chicken,é¸¡
2,rooster,ğŸ“,rooster,å…¬é¸¡
2,hatching_chick,ğŸ£,hatching chick,å­µåŒ–å°é¸¡
2,baby_chick,ğŸ¤,baby chick,é›é¸Ÿ
2,front_facing_baby_chick,ğŸ¥,front-facing baby chick,æ­£é¢é›é¸Ÿ
2,bird,ğŸ¦,bird,é¸Ÿ
2,penguin,ğŸ§,penguin,ä¼é¹…
2,dove,ğŸ•Šï¸,dove,é¸½å­
2,eagle,ğŸ¦…,eagle,é¹°
2,duck,ğŸ¦†,duck,é¸­å­
2,swan,ğŸ¦¢,swan,å¤©é¹…
2,owl,ğŸ¦‰,owl,çŒ«å¤´é¹°
2,dodo,ğŸ¦¤,dodo,æ¸¡æ¸¡é¸Ÿ
2,feather,ğŸª¶,feather,ç¾½æ¯›
2,flamingo,ğŸ¦©,flamingo,ç«çƒˆé¸Ÿ
2,peacock,ğŸ¦š,peacock,å­”é›€
2,parrot,ğŸ¦œ,parrot,é¹¦é¹‰
2,wing,ğŸª½,wing,ç¿…è†€
2,black_bird,ğŸ¦â€â¬›,black bird,é»‘é¸Ÿ
2,goose,ğŸª¿,goose,é¹…
2,phoenix,ğŸ¦â€ğŸ”¥,phoenix,å‡¤å‡°
2,frog,ğŸ¸,frog,é’è›™
2,crocodile,ğŸŠ,crocodile,é³„é±¼
2,turtle,ğŸ¢,turtle,ä¹Œé¾Ÿ
2,lizard,ğŸ¦,lizard,èœ¥èœ´
2,snake,ğŸ,snake,è›‡
2,dragon_face,ğŸ²,dragon face,é¾™è„¸
2,dragon,ğŸ‰,dragon,é¾™
2,sauropod,ğŸ¦•,sauropod,èœ¥è„šç±»
2,t_rex,ğŸ¦–,T-Rex,éœ¸ç‹é¾™
2,spouting_whale,ğŸ³,spouting whale,å–·å£é²¸
2,whale,ğŸ‹,whale,é²¸é±¼
2,dolphin,ğŸ¬,dolphin,æµ·è±š
2,seal,ğŸ¦­,seal,æµ·è±¹
2,fish,ğŸŸ,fish,é±¼ç±»
2,tropical_fish,ğŸ ,tropical fish,çƒ­å¸¦é±¼
2,blowfish,ğŸ¡,blowfish,æ²³è±š
2,shark,ğŸ¦ˆ,shark,é²¨é±¼
2,octopus,ğŸ™,octopus,ç« é±¼
2,spiral_shell,ğŸš,spiral shell,èºæ—‹è´
2,coral,ğŸª¸,coral,çŠç‘š
2,jellyfish,ğŸª¼,jellyfish,æ°´æ¯
2,crab,ğŸ¦€,crab,èƒèŸ¹
2,lobster,ğŸ¦,lobster,é¾™è™¾
2,shrimp,ğŸ¦,shrimp,è™¾
2,squid,ğŸ¦‘,squid,é±¿é±¼
2,oyster,ğŸ¦ª,oyster,ç‰¡è›
2,snail,ğŸŒ,snail,èœ—ç‰›
2,butterfly,ğŸ¦‹,butterfly,è´è¶
2,bug,ğŸ›,bug,å°è™«
2,ant,ğŸœ,ant,èš‚èš
2,honeybee,ğŸ,honeybee,èœœèœ‚
2,beetle,ğŸª²,beetle,ç”²è™«
2,lady_beetle,ğŸ,lady beetle,ç“¢è™«
2,cricket,ğŸ¦—,cricket,èŸ‹èŸ€
2,cockroach,ğŸª³,cockroach,èŸ‘è‚
2,spider,ğŸ•·ï¸,spider,èœ˜è››
2,spider_web,ğŸ•¸ï¸,spider web,èœ˜è››ç½‘
2,scorpion,ğŸ¦‚,scorpion,èå­
2,mosquito,ğŸ¦Ÿ,mosquito,èšŠå­
2,fly,ğŸª°,fly,è‹è‡
2,worm,ğŸª±,worm,è •è™«
2,microbe,ğŸ¦ ,microbe,å¾®ç”Ÿç‰©
2,bouquet,ğŸ’,bouquet,èŠ±æŸ
2,cherry_blossom,ğŸŒ¸,cherry blossom,æ¨±èŠ±
2,white_flower,ğŸ’®,white flower,ç™½èŠ±
2,lotus,ğŸª·,lotus,è²èŠ±
2,rosette,ğŸµï¸,rosette,ç«ç‘°
2,rose,ğŸŒ¹,rose,ç«ç‘°
2,wilted_flower,ğŸ¥€,wilted flower,æ¯èçš„èŠ±
2,hibiscus,ğŸŒº,hibiscus,æœ¨æ§¿
2,sunflower,ğŸŒ»,sunflower,å‘æ—¥è‘µ
2,blossom,ğŸŒ¼,blossom,èŠ±
2,tulip,ğŸŒ·,tulip,éƒé‡‘é¦™
2,hyacinth,ğŸª»,hyacinth,é£ä¿¡å­
2,seedling,ğŸŒ±,seedling,å¹¼è‹—
2,potted_plant,ğŸª´,potted plant,ç›†æ ½
2,evergreen_tree,ğŸŒ²,evergreen tree,å¸¸ç»¿æ ‘
2,deciduous_tree,ğŸŒ³,deciduous tree,è½å¶æ ‘
2,palm_tree,ğŸŒ´,palm tree,æ£•æ¦ˆæ ‘
2,cactus,ğŸŒµ,cactus,ä»™äººæŒ
2,sheaf_of_rice,ğŸŒ¾,sheaf of rice,ç¨»ç©—
2,herb,ğŸŒ¿,herb,é¦™è‰
2,shamrock,â˜˜ï¸,shamrock,ä¸‰å¶è‰
2,four_leaf_clover,ğŸ€,four leaf clover,å››å¶è‰
2,maple_leaf,ğŸ,maple leaf,æ«å¶
2,fallen_leaf,ğŸ‚,fallen leaf,è½å¶
2,leaf_fluttering_in_wind,ğŸƒ,leaf fluttering in wind,éšé£é£˜åŠ¨çš„å¶å­
2,empty_nest,ğŸª¹,empty nest,ç©ºå·¢
2,nest_with_eggs,ğŸªº,nest with eggs,å¸¦è›‹çš„å·¢
2,mushroom,ğŸ„,mushroom,è˜‘è‡
2,leafless_tree,ğŸª¾,leafless tree,æ— å¶æ ‘
3,food_drink,,Food & Drink,é£Ÿå“ä¸é¥®æ–™
3,grapes,ğŸ‡,grapes,è‘¡è„
3,melon,ğŸˆ,melon,ç”œç“œ
3,watermelon,ğŸ‰,watermelon,è¥¿ç“œ
3,tangerine,ğŸŠ,tangerine,æ©˜å­
3,lemon,ğŸ‹,lemon,æŸ æª¬
3,lime,ğŸ‹â€ğŸŸ©,lime,é…¸æ©™
3,banana,ğŸŒ,banana,é¦™è•‰
3,pineapple,ğŸ,pineapple,è è
3,mango,ğŸ¥­,mango,èŠ’æœ
3,red_apple,ğŸ,red apple,çº¢è‹¹æœ
3,green_apple,ğŸ,green apple,é’è‹¹æœ
3,pear,ğŸ,pear,æ¢¨
3,peach,ğŸ‘,peach,æ¡ƒå­
3,cherries,ğŸ’,cherries,æ¨±æ¡ƒ
3,strawberry,ğŸ“,strawberry,è‰è“
3,blueberries,ğŸ«,blueberries,è“è“
3,kiwi_fruit,ğŸ¥,kiwi fruit,çŒ•çŒ´æ¡ƒ
3,tomato,ğŸ…,tomato,ç•ªèŒ„
3,olive,ğŸ«’,olive,æ©„æ¦„
3,coconut,ğŸ¥¥,coconut,æ¤°å­
3,avocado,ğŸ¥‘,avocado,é³„æ¢¨
3,eggplant,ğŸ†,eggplant,èŒ„å­
3,potato,ğŸ¥”,potato,åœŸè±†
3,carrot,ğŸ¥•,carrot,èƒ¡èåœ
3,ear_of_corn,ğŸŒ½,ear of corn,ç‰ç±³ç©—
3,hot_pepper,ğŸŒ¶ï¸,hot pepper,è¾£æ¤’
3,bell_pepper,ğŸ«‘,bell pepper,ç”œæ¤’
3,cucumber,ğŸ¥’,cucumber,é»„ç“œ
3,leafy_green,ğŸ¥¬,leafy green,ç»¿å¶èœ
3,broccoli,ğŸ¥¦,broccoli,æ¤°èœ
3,garlic,ğŸ§„,garlic,å¤§è’œ
3,onion,ğŸ§…,onion,æ´‹è‘±
3,peanuts,ğŸ¥œ,peanuts,èŠ±ç”Ÿ
3,beans,ğŸ«˜,beans,è±†ç±»
3,chestnut,ğŸŒ°,chestnut,æ —å­
3,ginger_root,ğŸ«š,ginger root,å§œæ ¹
3,pea_pod,ğŸ«›,pea pod,è±Œè±†èš
3,brown_mushroom,ğŸ„â€ğŸŸ«,brown mushroom,è¤è‡
3,root_vegetable,ğŸ«œ,root vegetable,æ ¹èœ
3,bread,ğŸ,bread,é¢åŒ…
3,croissant,ğŸ¥,croissant,ç¾Šè§’é¢åŒ…
3,baguette_bread,ğŸ¥–,baguette bread,æ³•æ£é¢åŒ…
3,flatbread,ğŸ«“,flatbread,æ‰é¢åŒ…
3,pretzel,ğŸ¥¨,pretzel,æ¤’ç›è„†é¥¼
3,bagel,ğŸ¥¯,bagel,é¢åŒ…åœˆ
3,pancakes,ğŸ¥,pancakes,è–„ç…é¥¼
3,waffle,ğŸ§‡,waffle,åå¤«é¥¼
3,cheese_wedge,ğŸ§€,cheese wedge,æ¥”å½¢å¥¶é…ª
3,meat_on_bone,ğŸ–,meat on bone,å¸¦éª¨è‚‰
3,poultry_leg,ğŸ—,poultry leg,ç¦½è…¿
3,cut_of_meat,ğŸ¥©,cut of meat,åˆ‡è‚‰
3,bacon,ğŸ¥“,bacon,ç†è‚‰
3,hamburger,ğŸ”,hamburger,æ±‰å ¡åŒ…
3,french_fries,ğŸŸ,french fries,ç‚¸è–¯æ¡
3,pizza,ğŸ•,pizza,æ¯”è¨é¥¼
3,hot_dog,ğŸŒ­,hot dog,çƒ­ç‹—
3,sandwich,ğŸ¥ª,sandwich,ä¸‰æ˜æ²»
3,taco,ğŸŒ®,taco,ç‰ç±³å·
3,burrito,ğŸŒ¯,burrito,å·é¥¼
3,tamale,ğŸ«”,tamale,å¢¨è¥¿å“¥ç‰ç±³å·
3,stuffed_flatbread,ğŸ¥™,stuffed flatbread,å¸¦é¦…æ‰é¢åŒ…
3,falafel,ğŸ§†,falafel,æ²™æ‹‰ä¸‰æ˜æ²»
3,egg,ğŸ¥š,egg,é¸¡è›‹
3,cooking,ğŸ³,cooking,çƒ¹é¥ª
3,shallow_pan_of_food,ğŸ¥˜,shallow pan of food,æµ…ç›˜é£Ÿç‰©
3,pot_of_food,ğŸ²,pot of food,é”…
3,fondue,ğŸ«•,fondue,ç«é”…
3,bowl_with_spoon,ğŸ¥£,bowl with spoon,å¸¦å‹ºç¢—
3,green_salad,ğŸ¥—,green salad,ç»¿è‰²æ²™æ‹‰
3,popcorn,ğŸ¿,popcorn,çˆ†ç±³èŠ±
3,butter,ğŸ§ˆ,butter,é»„æ²¹
3,salt,ğŸ§‚,salt,ç›
3,canned_food,ğŸ¥«,canned food,ç½å¤´é£Ÿå“
3,bento_box,ğŸ±,bento box,ä¾¿å½“ç›’
3,rice_cracker,ğŸ˜,rice cracker,ç±³é¥¼
3,rice_ball,ğŸ™,rice ball,é¥­å›¢
3,cooked_rice,ğŸš,cooked rice,ç†Ÿé¥­
3,curry_rice,ğŸ›,curry rice,å’–å–±é¥­
3,steaming_bowl,ğŸœ,steaming bowl,è’¸ç¢—
3,spaghetti,ğŸ,spaghetti,æ„å¤§åˆ©é¢
3,roasted_sweet_potato,ğŸ ,roasted sweet potato,çƒ¤çº¢è–¯
3,oden,ğŸ¢,oden,å…³ä¸œç…®
3,sushi,ğŸ£,sushi,å¯¿å¸
3,fried_shrimp,ğŸ¤,fried shrimp,ç‚¸è™¾
3,fish_cake_with_swirl,ğŸ¥,fish cake with swirl,æ¼©æ¶¡é±¼é¥¼
3,moon_cake,ğŸ¥®,moon cake,æœˆé¥¼
3,dango,ğŸ¡,dango,å›¢å­
3,dumpling,ğŸ¥Ÿ,dumpling,é¥ºå­
3,fortune_cookie,ğŸ¥ ,fortune cookie,å¹¸è¿é¥¼
3,takeout_box,ğŸ¥¡,takeout box,å¤–å–ç›’
3,soft_ice_cream,ğŸ¦,soft ice cream,è½¯å†°æ·‡æ·‹
3,shaved_ice,ğŸ§,shaved ice,åˆ¨å†°
3,ice_cream,ğŸ¨,ice cream,å†°æ·‡æ·‹
3,doughnut,ğŸ©,doughnut,ç”œç”œåœˆ
3,cookie,ğŸª,cookie,é¥¼å¹²
3,birthday_cake,ğŸ‚,birthday cake,ç”Ÿæ—¥è›‹ç³•
3,shortcake,ğŸ°,shortcake,é…¥é¥¼
3,cupcake,ğŸ§,cupcake,çº¸æ¯è›‹ç³•
3,pie,ğŸ¥§,pie,æ´¾
3,chocolate_bar,ğŸ«,chocolate bar,å·§å…‹åŠ›æ£’
3,candy,ğŸ¬,candy,ç³–æœ
3,lollipop,ğŸ­,lollipop,æ£’æ£’ç³–
3,custard,ğŸ®,custard,å¥¶æ²¹å†»
3,honey_pot,ğŸ¯,honey pot,èœœç½
3,baby_bottle,ğŸ¼,baby bottle,å¥¶ç“¶
3,glass_of_milk,ğŸ¥›,glass of milk,ç‰›å¥¶æ¯
3,hot_beverage,â˜•,hot beverage,çƒ­é¥®
3,teapot,ğŸ«–,teapot,èŒ¶å£¶
3,teacup_without_handle,ğŸµ,teacup without handle,æ— æŸ„èŒ¶æ¯
3,sake,ğŸ¶,sake,æ¸…é…’
3,bottle_with_popping_cork,ğŸ¾,bottle with popping cork,ç“¶å¡
3,wine_glass,ğŸ·,wine glass,é…’æ¯
3,cocktail_glass,ğŸ¸,cocktail glass,é¸¡å°¾é…’æ¯
3,tropical_drink,ğŸ¹,tropical drink,çƒ­å¸¦é¥®æ–™
3,beer_mug,ğŸº,beer mug,å•¤é…’æ¯
3,clinking_beer_mugs,ğŸ»,clinking beer mugs,ç¢°æ¯å•¤é…’æ¯
3,clinking_glasses,ğŸ¥‚,clinking glasses,ç¢°æ¯
3,tumbler_glass,ğŸ¥ƒ,tumbler glass,ä¸å€’ç¿ç»ç’ƒæ¯
3,pouring_liquid,ğŸ«—,pouring liquid,å€’æ¶²ä½“
3,cup_with_straw,ğŸ¥¤,cup with straw,å¸¦å¸ç®¡çš„æ¯å­
3,bubble_tea,ğŸ§‹,bubble tea,æ³¡æ²«çº¢èŒ¶
3,beverage_box,ğŸ§ƒ,beverage box,é¥®æ–™ç›’
3,mate,ğŸ§‰,mate,ä¼´ä¾£
3,ice,ğŸ§Š,ice,å†°å—
3,chopsticks,ğŸ¥¢,chopsticks,ç­·å­
3,fork_and_knife_with_plate,ğŸ½ï¸,fork and knife with plate,å¸¦ç›˜å­çš„åˆ€å‰
3,fork_and_knife,ğŸ´,fork and knife,åˆ€å‰
3,spoon,ğŸ¥„,spoon,æ±¤åŒ™
3,kitchen_knife,ğŸ”ª,kitchen knife,èœåˆ€
3,jar,ğŸ«™,jar,ç½å­
3,amphora,ğŸº,amphora,åŒè€³ç“¶
4,travel_places,,Travel & Places,æ—…è¡Œå’Œåœ°ç‚¹
4,globe_showing_europe_africa,ğŸŒ,globe showing Europe-Africa,æ˜¾ç¤ºæ¬§æ´²å’Œéæ´²çš„åœ°çƒä»ª
4,globe_showing_americas,ğŸŒ,globe showing Americas,æ˜¾ç¤ºç¾æ´²çš„åœ°çƒä»ª
4,globe_showing_asia_australia,ğŸŒ,globe showing Asia-Australia,æ˜¾ç¤ºäºšæ´²-æ¾³å¤§åˆ©äºšçš„åœ°çƒä»ª
4,globe_with_meridians,ğŸŒ,globe with meridians,å¸¦ç»çº¿çš„åœ°çƒä»ª
4,world_map,ğŸ—ºï¸,world map,ä¸–ç•Œåœ°å›¾
4,map_of_japan,ğŸ—¾,map of Japan,æ—¥æœ¬åœ°å›¾
4,compass,ğŸ§­,compass,æŒ‡å—é’ˆ
4,snow_capped_mountain,ğŸ”ï¸,snow-capped mountain,é›ªå±±
4,mountain,â›°ï¸,mountain,å±±
4,volcano,ğŸŒ‹,volcano,ç«å±±
4,mount_fuji,ğŸ—»,mount fuji,å¯Œå£«å±±
4,camping,ğŸ•ï¸,camping,éœ²è¥
4,beach_with_umbrella,ğŸ–ï¸,beach with umbrella,å¸¦ä¼æµ·æ»©
4,desert,ğŸœï¸,desert,æ²™æ¼ 
4,desert_island,ğŸï¸,desert island,è’å²›
4,national_park,ğŸï¸,national park,å›½å®¶å…¬å›­
4,stadium,ğŸŸï¸,stadium,ä½“è‚²åœº
4,classical_building,ğŸ›ï¸,classical building,å¤å…¸å»ºç­‘
4,building_construction,ğŸ—ï¸,building construction,å»ºç­‘
4,brick,ğŸ§±,brick,ç –
4,rock,ğŸª¨,rock,å²©çŸ³
4,wood,ğŸªµ,wood,æœ¨æ
4,hut,ğŸ›–,hut,å°å±‹
4,houses,ğŸ˜ï¸,houses,æˆ¿å±‹
4,derelict_house,ğŸšï¸,derelict house,åºŸå¼ƒæˆ¿å±‹
4,house,ğŸ ,house,æˆ¿å±‹
4,house_with_garden,ğŸ¡,house with garden,å¸¦èŠ±å›­çš„æˆ¿å±‹
4,office_building,ğŸ¢,office building,åŠå…¬æ¥¼
4,japanese_post_office,ğŸ£,Japanese post office,æ—¥æœ¬é‚®å±€
4,post_office,ğŸ¤,post office,é‚®å±€
4,hospital,ğŸ¥,hospital,åŒ»é™¢
4,bank,ğŸ¦,bank,é“¶è¡Œ
4,hotel,ğŸ¨,hotel,æ—…é¦†
4,love_hotel,ğŸ©,love hotel,çˆ±æƒ…æ—…é¦†
4,convenience_store,ğŸª,convenience store,ä¾¿åˆ©åº—
4,school,ğŸ«,school,å­¦æ ¡
4,department_store,ğŸ¬,department store,ç™¾è´§å…¬å¸
4,factory,ğŸ­,factory,å·¥å‚
4,japanese_castle,ğŸ¯,Japanese castle,æ—¥æœ¬åŸå ¡
4,castle,ğŸ°,castle,åŸå ¡
4,wedding,ğŸ’’,wedding,å©šç¤¼
4,tokyo_tower,ğŸ—¼,Tokyo tower,ä¸œäº¬å¡”
4,statue_of_liberty,ğŸ—½,Statue of Liberty,è‡ªç”±å¥³ç¥åƒ
4,church,â›ª,church,æ•™å ‚
4,mosque,ğŸ•Œ,mosque,æ¸…çœŸå¯º
4,hindu_temple,ğŸ›•,hindu temple,å°åº¦æ•™å¯ºåº™
4,synagogue,ğŸ•,synagogue,çŠ¹å¤ªæ•™å ‚
4,shinto_shrine,â›©ï¸,shinto shrine,ç¥ç¤¾
4,kaaba,ğŸ•‹,kaaba,å¡å·´
4,fountain,â›²,fountain,å–·æ³‰
4,tent,â›º,tent,å¸ç¯·
4,foggy,ğŸŒ,foggy,å¤§é›¾
4,night_with_stars,ğŸŒƒ,night with stars,æ˜Ÿå¤œ
4,cityscape,ğŸ™ï¸,cityscape,åŸå¸‚æ™¯è§‚
4,sunrise_over_mountains,ğŸŒ„,sunrise over mountains,å±±é—´æ—¥å‡º
4,sunrise,ğŸŒ…,sunrise,æ—¥å‡º
4,cityscape_at_dusk,ğŸŒ†,cityscape at dusk,é»„æ˜çš„åŸå¸‚æ™¯è§‚
4,sunset,ğŸŒ‡,sunset,æ—¥è½
4,bridge_at_night,ğŸŒ‰,bridge at night,å¤œæ™šçš„æ¡¥
4,hot_springs,â™¨ï¸,hot springs,æ¸©æ³‰
4,carousel_horse,ğŸ ,carousel horse,æ—‹è½¬æœ¨é©¬
4,playground_slide,ğŸ›,playground slide,æ¸¸ä¹åœºæ»‘æ¢¯
4,ferris_wheel,ğŸ¡,ferris wheel,æ‘©å¤©è½®
4,roller_coaster,ğŸ¢,roller coaster,è¿‡å±±è½¦
4,barber_pole,ğŸ’ˆ,barber pole,ç†å‘æ†
4,circus_tent,ğŸª,circus tent,é©¬æˆå›¢å¸ç¯·
4,locomotive,ğŸš‚,locomotive,ç«è½¦å¤´
4,railway_car,ğŸšƒ,railway car,ç«è½¦è½¦å¢
4,high_speed_train,ğŸš„,high-speed train,é«˜é€Ÿåˆ—è½¦
4,bullet_train,ğŸš…,bullet train,å­å¼¹å¤´åˆ—è½¦
4,train,ğŸš†,train,ç«è½¦
4,metro,ğŸš‡,metro,åœ°é“
4,light_rail,ğŸšˆ,light rail,è½»è½¨
4,station,ğŸš‰,station,è½¦ç«™
4,tram,ğŸšŠ,tram,æœ‰è½¨ç”µè½¦
4,monorail,ğŸš,monorail,å•è½¨é“è·¯
4,mountain_railway,ğŸš,mountain railway,å±±åŒºé“è·¯
4,tram_car,ğŸš‹,tram car,æœ‰è½¨ç”µè½¦
4,bus,ğŸšŒ,bus,å…¬å…±æ±½è½¦
4,oncoming_bus,ğŸš,oncoming bus,è¿é¢è€Œæ¥çš„å…¬å…±æ±½è½¦
4,trolleybus,ğŸš,trolleybus,æ— è½¨ç”µè½¦
4,minibus,ğŸš,minibus,å°å·´
4,ambulance,ğŸš‘,ambulance,æ•‘æŠ¤è½¦
4,fire_engine,ğŸš’,fire engine,æ¶ˆé˜²è½¦
4,police_car,ğŸš“,police car,è­¦è½¦
4,oncoming_police_car,ğŸš”,oncoming police car,è¿é¢è€Œæ¥çš„è­¦è½¦
4,taxi,ğŸš•,taxi,å‡ºç§Ÿè½¦
4,oncoming_taxi,ğŸš–,oncoming taxi,è¿é¢è€Œæ¥çš„å‡ºç§Ÿè½¦
4,automobile,ğŸš—,automobile,æ±½è½¦
4,oncoming_automobile,ğŸš˜,oncoming automobile,è¿é¢è€Œæ¥çš„æ±½è½¦
4,sport_utility_vehicle,ğŸš™,sport utility vehicle,è¿åŠ¨å‹å¤šç”¨é€”è½¦
4,pickup_truck,ğŸ›»,pickup truck,çš®å¡è½¦
4,delivery_truck,ğŸšš,delivery truck,è¿è´§å¡è½¦
4,articulated_lorry,ğŸš›,articulated lorry,é“°æ¥å¼è´§è½¦
4,tractor,ğŸšœ,tractor,æ‹–æ‹‰æœº
4,racing_car,ğŸï¸,racing car,èµ›è½¦
4,motorcycle,ğŸï¸,motorcycle,æ‘©æ‰˜è½¦
4,motor_scooter,ğŸ›µ,motor scooter,æ‘©æ‰˜è½¦
4,manual_wheelchair,ğŸ¦½,manual wheelchair,æ‰‹åŠ¨è½®æ¤…
4,motorized_wheelchair,ğŸ¦¼,motorized wheelchair,ç”µåŠ¨è½®æ¤…
4,auto_rickshaw,ğŸ›º,auto rickshaw,è‡ªåŠ¨äººåŠ›è½¦
4,bicycle,ğŸš²,bicycle,è‡ªè¡Œè½¦
4,kick_scooter,ğŸ›´,kick scooter,è„šè¸æ»‘æ¿è½¦
4,skateboard,ğŸ›¹,skateboard,æ»‘æ¿
4,roller_skate,ğŸ›¼,roller skate,æ—±å†°é‹
4,bus_stop,ğŸš,bus stop,å…¬å…±æ±½è½¦ç«™
4,motorway,ğŸ›£ï¸,motorway,é«˜é€Ÿå…¬è·¯
4,railway_track,ğŸ›¤ï¸,railway track,é“è½¨
4,oil_drum,ğŸ›¢ï¸,oil drum,æ²¹æ¡¶
4,fuel_pump,â›½,fuel pump,ç‡ƒæ²¹æ³µ
4,wheel,ğŸ›,wheel,è½¦è½®
4,police_car_light,ğŸš¨,police car light,è­¦è½¦ç¯
4,horizontal_traffic_light,ğŸš¥,horizontal traffic light,æ°´å¹³äº¤é€šç¯
4,vertical_traffic_light,ğŸš¦,vertical traffic light,å‚ç›´äº¤é€šç¯
4,stop_sign,ğŸ›‘,stop sign,åœè½¦æ ‡å¿—
4,construction,ğŸš§,construction,å»ºç­‘
4,anchor,âš“,anchor,é”š
4,ring_buoy,ğŸ›Ÿ,ring buoy,ç¯å½¢æµ®æ ‡
4,sailboat,â›µ,sailboat,å¸†èˆ¹
4,canoe,ğŸ›¶,canoe,ç‹¬æœ¨èˆŸ
4,speedboat,ğŸš¤,speedboat,å¿«è‰‡
4,passenger_ship,ğŸ›³ï¸,passenger ship,å®¢èˆ¹
4,ferry,â›´ï¸,ferry,æ¸¡è½®
4,motor_boat,ğŸ›¥ï¸,motor boat,æ‘©æ‰˜è‰‡
4,ship,ğŸš¢,ship,è½®èˆ¹
4,airplane,âœˆï¸,airplane,é£æœº
4,small_airplane,ğŸ›©ï¸,small airplane,å°å‹é£æœº
4,airplane_departure,ğŸ›«,airplane departure,é£æœºèµ·é£
4,airplane_arrival,ğŸ›¬,airplane arrival,é£æœºæŠµè¾¾
4,parachute,ğŸª‚,parachute,é™è½ä¼
4,seat,ğŸ’º,seat,åº§æ¤…
4,helicopter,ğŸš,helicopter,ç›´å‡æœº
4,suspension_railway,ğŸšŸ,suspension railway,æ‚¬æŒ‚å¼é“è·¯
4,mountain_cableway,ğŸš ,mountain cableway,ç™»å±±ç´¢é“
4,aerial_tramway,ğŸš¡,aerial tramway,æ¶ç©ºç´¢é“
4,satellite,ğŸ›°ï¸,satellite,å«æ˜Ÿ
4,rocket,ğŸš€,rocket,ç«ç®­
4,flying_saucer,ğŸ›¸,flying saucer,é£ç¢Ÿ
4,bellhop_bell,ğŸ›ï¸,bellhop bell,ä¾è€…é“ƒ
4,luggage,ğŸ§³,luggage,è¡Œæç®±
4,hourglass_done,âŒ›,hourglass done,æ²™æ¼å·²å®Œæˆ
4,hourglass_not_done,â³,hourglass not done,æ²™æ¼æœªå®Œæˆ
4,watch,âŒš,watch,æ‰‹è¡¨
4,alarm_clock,â°,alarm clock,é—¹é’Ÿ
4,stopwatch,â±ï¸,stopwatch,ç§’è¡¨
4,timer_clock,â²ï¸,timer clock,å®šæ—¶é’Ÿ
4,mantelpiece_clock,ğŸ•°ï¸,mantelpiece clock,å£ç‚‰é’Ÿ
4,twelve_o_clock,ğŸ•›,twelve oâ€™clock,åäºŒç‚¹é’Ÿ
4,twelve_thirty,ğŸ•§,twelve-thirty,åäºŒç‚¹åŠ
4,one_o_clock,ğŸ•,one oâ€™clock,ä¸€ç‚¹é’Ÿ
4,one_thirty,ğŸ•œ,one-thirty,ä¸€ç‚¹åŠ
4,two_o_clock,ğŸ•‘,two oâ€™clock,ä¸¤ç‚¹é’Ÿ
4,two_thirty,ğŸ•,two-thirty,ä¸¤ç‚¹åŠ
4,three_o_clock,ğŸ•’,three oâ€™clock,ä¸‰ç‚¹é’Ÿ
4,three_thirty,ğŸ•,three-thirty,ä¸‰ç‚¹åŠ
4,four_o_clock,ğŸ•“,four oâ€™clock,å››ç‚¹é’Ÿ
4,four_thirty,ğŸ•Ÿ,four-thirty,å››ç‚¹åŠ
4,five_o_clock,ğŸ•”,five oâ€™clock,äº”ç‚¹
4,five_thirty,ğŸ• ,five-thirty,äº”ç‚¹åŠ
4,six_o_clock,ğŸ••,six oâ€™clock,å…­ç‚¹
4,six_thirty,ğŸ•¡,six-thirty,å…­ç‚¹åŠ
4,seven_o_clock,ğŸ•–,seven oâ€™clock,ä¸ƒç‚¹
4,seven_thirty,ğŸ•¢,seven-thirty,ä¸ƒç‚¹åŠ
4,eight_o_clock,ğŸ•—,eight oâ€™clock,å…«ç‚¹
4,eight_thirty,ğŸ•£,eight-thirty,å…«ç‚¹åŠ
4,nine_o_clock,ğŸ•˜,nine oâ€™clock,ä¹ç‚¹é’Ÿ
4,nine_thirty,ğŸ•¤,nine-thirty,ä¹ç‚¹åŠ
4,ten_o_clock,ğŸ•™,ten oâ€™clock,åç‚¹é’Ÿ
4,ten_thirty,ğŸ•¥,ten-thirty,åç‚¹åŠ
4,eleven_o_clock,ğŸ•š,eleven oâ€™clock,åä¸€ç‚¹é’Ÿ
4,eleven_thirty,ğŸ•¦,eleven-thirty,åä¸€ç‚¹åŠ
4,new_moon,ğŸŒ‘,new moon,æ–°æœˆ
4,waxing_crescent_moon,ğŸŒ’,waxing crescent moon,æ–°æœˆ
4,first_quarter_moon,ğŸŒ“,first quarter moon,ä¸Šå¼¦æœˆ
4,waxing_gibbous_moon,ğŸŒ”,waxing gibbous moon,è…Šæœˆ
4,full_moon,ğŸŒ•,full moon,æ»¡æœˆ
4,waning_gibbous_moon,ğŸŒ–,waning gibbous moon,æ®‹æœˆ
4,last_quarter_moon,ğŸŒ—,last quarter moon,ä¸Šå¼¦æœˆ
4,waning_crescent_moon,ğŸŒ˜,waning crescent moon,æ®‹æœˆ
4,crescent_moon,ğŸŒ™,crescent moon,æ–°æœˆ
4,new_moon_face,ğŸŒš,new moon face,æ–°æœˆè„¸
4,first_quarter_moon_face,ğŸŒ›,first quarter moon face,ä¸Šå¼¦æœˆé¢
4,last_quarter_moon_face,ğŸŒœ,last quarter moon face,ä¸Šå¼¦æœˆé¢
4,thermometer,ğŸŒ¡ï¸,thermometer,æ¸©åº¦è®¡
4,sun,â˜€ï¸,sun,å¤ªé˜³
4,full_moon_face,ğŸŒ,full moon face,æ»¡æœˆè„¸
4,sun_with_face,ğŸŒ,sun with face,æœ‰è„¸çš„å¤ªé˜³
4,ringed_planet,ğŸª,ringed planet,ç¯çŠ¶è¡Œæ˜Ÿ
4,star,â­,star,æ˜Ÿæ˜Ÿ
4,glowing_star,ğŸŒŸ,glowing star,å‘å…‰çš„æ˜Ÿæ˜Ÿ
4,shooting_star,ğŸŒ ,shooting star,æµæ˜Ÿ
4,milky_way,ğŸŒŒ,milky way,é“¶æ²³
4,cloud,â˜ï¸,cloud,äº‘
4,sun_behind_cloud,â›…,sun behind cloud,äº‘åçš„å¤ªé˜³
4,cloud_with_lightning_and_rain,â›ˆï¸,cloud with lightning and rain,é›·é›¨äº¤åŠ çš„äº‘
4,sun_behind_small_cloud,ğŸŒ¤ï¸,sun behind small cloud,å°äº‘åçš„å¤ªé˜³
4,sun_behind_large_cloud,ğŸŒ¥ï¸,sun behind large cloud,å¤§äº‘åçš„å¤ªé˜³
4,sun_behind_rain_cloud,ğŸŒ¦ï¸,sun behind rain cloud,é›¨äº‘åçš„å¤ªé˜³
4,cloud_with_rain,ğŸŒ§ï¸,cloud with rain,æœ‰é›¨çš„äº‘
4,cloud_with_snow,ğŸŒ¨ï¸,cloud with snow,æœ‰é›ªçš„äº‘
4,cloud_with_lightning,ğŸŒ©ï¸,cloud with lightning,é—ªç”µäº‘
4,tornado,ğŸŒªï¸,tornado,é¾™å·é£
4,fog,ğŸŒ«ï¸,fog,é›¾
4,wind_face,ğŸŒ¬ï¸,wind face,é£è„¸
4,cyclone,ğŸŒ€,cyclone,æ—‹é£
4,rainbow,ğŸŒˆ,rainbow,å½©è™¹
4,closed_umbrella,ğŸŒ‚,closed umbrella,é—­ä¼
4,umbrella,â˜‚ï¸,umbrella,é›¨ä¼
4,umbrella_with_rain_drops,â˜”,umbrella with rain drops,é›¨æ»´ä¼
4,umbrella_on_ground,â›±ï¸,umbrella on ground,åœ°ä¸Šçš„ä¼
4,high_voltage,âš¡,high voltage,é«˜å‹ç”µ
4,snowflake,â„ï¸,snowflake,é›ªèŠ±
4,snowman,â˜ƒï¸,snowman,é›ªäºº
4,snowman_without_snow,â›„,snowman without snow,æ— é›ªçš„é›ªäºº
4,comet,â˜„ï¸,comet,å½—æ˜Ÿ
4,fire,ğŸ”¥,fire,ç«
4,droplet,ğŸ’§,droplet,æ°´æ»´
4,water_wave,ğŸŒŠ,water wave,æ°´æ³¢
5,activities,,Activities,æ´»åŠ¨
5,jack_o_lantern,ğŸƒ,jack-o-lantern,åƒå±‚ç¯
5,christmas_tree,ğŸ„,Christmas tree,åœ£è¯æ ‘
5,fireworks,ğŸ†,fireworks,çƒŸèŠ±
5,sparkler,ğŸ‡,sparkler,çƒŸç«
5,firecracker,ğŸ§¨,firecracker,çˆ†ç«¹
5,sparkles,âœ¨,sparkles,ç«èŠ±
5,balloon,ğŸˆ,balloon,æ°”çƒ
5,party_popper,ğŸ‰,party popper,æ´¾å¯¹çˆ†ç«¹
5,confetti_ball,ğŸŠ,confetti ball,å½©çº¸çƒ
5,tanabata_tree,ğŸ‹,tanabata tree,ä¸ƒå¤•æ ‘
5,pine_decoration,ğŸ,pine decoration,æ¾æ ‘è£…é¥°
5,japanese_dolls,ğŸ,Japanese dolls,æ—¥æœ¬ç©å¶
5,carp_streamer,ğŸ,carp streamer,é²¤é±¼æ——
5,wind_chime,ğŸ,wind chime,é£é“ƒ
5,moon_viewing_ceremony,ğŸ‘,moon viewing ceremony,èµæœˆä»ªå¼
5,red_envelope,ğŸ§§,red envelope,çº¢åŒ…
5,ribbon,ğŸ€,ribbon,ä¸å¸¦
5,wrapped_gift,ğŸ,wrapped gift,åŒ…è£…ç¤¼ç‰©
5,reminder_ribbon,ğŸ—ï¸,reminder ribbon,æç¤ºå¸¦
5,admission_tickets,ğŸŸï¸,admission tickets,å…¥åœºåˆ¸
5,ticket,ğŸ«,ticket,é—¨ç¥¨
5,military_medal,ğŸ–ï¸,military medal,å†›åŠŸç« 
5,trophy,ğŸ†,trophy,å¥–æ¯
5,sports_medal,ğŸ…,sports medal,è¿åŠ¨å¥–ç‰Œ
5,1st_place_medal,ğŸ¥‡,1st place medal,ç¬¬ä¸€åå¥–ç‰Œ
5,2nd_place_medal,ğŸ¥ˆ,2nd place medal,ç¬¬ 2 åå¥–ç‰Œ
5,3rd_place_medal,ğŸ¥‰,3rd place medal,ç¬¬ 3 åå¥–ç‰Œ
5,soccer_ball,âš½,soccer ball,è¶³çƒ
5,baseball,âš¾,baseball,æ£’çƒ
5,softball,ğŸ¥,softball,å’çƒ
5,basketball,ğŸ€,basketball,ç¯®çƒ
5,volleyball,ğŸ,volleyball,æ’çƒ
5,american_football,ğŸˆ,american football,ç¾å¼æ©„æ¦„çƒ
5,rugby_football,ğŸ‰,rugby football,æ©„æ¦„çƒ
5,tennis,ğŸ¾,tennis,ç½‘çƒ
5,flying_disc,ğŸ¥,flying disc,é£ç¢Ÿ
5,bowling,ğŸ³,bowling,ä¿é¾„çƒ
5,cricket_game,ğŸ,cricket game,æ¿çƒæ¯”èµ›
5,field_hockey,ğŸ‘,field hockey,æ›²æ£çƒ
5,ice_hockey,ğŸ’,ice hockey,å†°ä¸Šæ›²æ£çƒ
5,lacrosse,ğŸ¥,lacrosse,é•¿æ›²æ£çƒ
5,ping_pong,ğŸ“,ping pong,ä¹’ä¹“çƒ
5,badminton,ğŸ¸,badminton,ç¾½æ¯›çƒ
5,boxing_glove,ğŸ¥Š,boxing glove,æ‹³å‡»æ‰‹å¥—
5,martial_arts_uniform,ğŸ¥‹,martial arts uniform,æ­¦æœ¯æœ
5,goal_net,ğŸ¥…,goal net,çƒé—¨ç½‘
5,flag_in_hole,â›³,flag in hole,æ´ä¸­æ——
5,ice_skate,â›¸ï¸,ice skate,å†°åˆ€
5,fishing_pole,ğŸ£,fishing pole,é±¼ç«¿
5,diving_mask,ğŸ¤¿,diving mask,æ½œæ°´é¢ç½©
5,running_shirt,ğŸ½,running shirt,è·‘æ­¥è¡«
5,skis,ğŸ¿,skis,æ»‘é›ªæ¿
5,sled,ğŸ›·,sled,é›ªæ©‡
5,curling_stone,ğŸ¥Œ,curling stone,å†°å£¶çŸ³
5,bullseye,ğŸ¯,bullseye,ç‰›çœ¼
5,yo_yo,ğŸª€,yo-yo,æºœæºœçƒ
5,kite,ğŸª,kite,é£ç­
5,water_pistol,ğŸ”«,water pistol,æ°´æª
5,pool_8_ball,ğŸ±,pool 8 ball,8 å·æ¡Œçƒ
5,crystal_ball,ğŸ”®,crystal ball,æ°´æ™¶çƒ
5,magic_wand,ğŸª„,magic wand,é­”æ–
5,video_game,ğŸ®,video game,ç”µå­æ¸¸æˆ
5,joystick,ğŸ•¹ï¸,joystick,æ“çºµæ†
5,slot_machine,ğŸ°,slot machine,è€è™æœº
5,game_die,ğŸ²,game die,æ¸¸æˆæ¨¡å…·
5,puzzle_piece,ğŸ§©,puzzle piece,æ‹¼å›¾
5,teddy_bear,ğŸ§¸,teddy bear,ç©å…·ç†Š
5,pinata,ğŸª…,piÃ±ata,çš®çº³å¡”
5,mirror_ball,ğŸª©,mirror ball,é•œå­çƒ
5,nesting_dolls,ğŸª†,nesting dolls,åµŒå¥—å¨ƒå¨ƒ
5,spade_suit,â™ ï¸,spade suit,é»‘æ¡ƒå¥—ç‰Œ
5,heart_suit,â™¥ï¸,heart suit,çº¢å¿ƒ
5,diamond_suit,â™¦ï¸,diamond suit,æ–¹å—
5,club_suit,â™£ï¸,club suit,æ¢…èŠ±å¥—ç‰Œ
5,chess_pawn,â™Ÿï¸,chess pawn,æ£‹å­
5,joker,ğŸƒ,joker,å°ä¸‘
5,mahjong_red_dragon,ğŸ€„,mahjong red dragon,éº»å°†çº¢é¾™
5,flower_playing_cards,ğŸ´,flower playing cards,èŠ±ç‰Œ
5,performing_arts,ğŸ­,performing arts,è¡¨æ¼”è‰ºæœ¯
5,framed_picture,ğŸ–¼ï¸,framed picture,è£±ç”»
5,artist_palette,ğŸ¨,artist palette,è‰ºæœ¯å®¶è°ƒè‰²æ¿
5,thread,ğŸ§µ,thread,çº¿
5,sewing_needle,ğŸª¡,sewing needle,ç¼è¡£é’ˆ
5,yarn,ğŸ§¶,yarn,çº±çº¿
5,knot,ğŸª¢,knot,ç»³ç»“
6,objects,,Objects,ç‰©å“
6,glasses,ğŸ‘“,glasses,çœ¼é•œ
6,sunglasses,ğŸ•¶ï¸,sunglasses,å¤ªé˜³é•œ
6,goggles,ğŸ¥½,goggles,æŠ¤ç›®é•œ
6,lab_coat,ğŸ¥¼,lab coat,ç™½å¤§è¤‚
6,safety_vest,ğŸ¦º,safety vest,å®‰å…¨èƒŒå¿ƒ
6,necktie,ğŸ‘”,necktie,é¢†å¸¦
6,t_shirt,ğŸ‘•,t-shirt,T æ¤
6,jeans,ğŸ‘–,jeans,ç‰›ä»”è£¤
6,scarf,ğŸ§£,scarf,å›´å·¾
6,gloves,ğŸ§¤,gloves,æ‰‹å¥—
6,coat,ğŸ§¥,coat,å¤§è¡£
6,socks,ğŸ§¦,socks,è¢œå­
6,dress,ğŸ‘—,dress,è¿è¡£è£™
6,kimono,ğŸ‘˜,kimono,å’Œæœ
6,sari,ğŸ¥»,sari,çº±ä¸½
6,one_piece_swimsuit,ğŸ©±,one-piece swimsuit,è¿ä½“æ³³è¡£
6,briefs,ğŸ©²,briefs,å†…è£¤
6,shorts,ğŸ©³,shorts,çŸ­è£¤
6,bikini,ğŸ‘™,bikini,æ¯”åŸºå°¼
6,woman_s_clothes,ğŸ‘š,womanâ€™s clothes,å¥³è£…
6,folding_hand_fan,ğŸª­,folding hand fan,æŠ˜æ‰‡
6,purse,ğŸ‘›,purse,é’±åŒ…
6,handbag,ğŸ‘œ,handbag,æ‰‹æåŒ…
6,clutch_bag,ğŸ‘,clutch bag,æ‰‹æ‹¿åŒ…
6,shopping_bags,ğŸ›ï¸,shopping bags,è´­ç‰©è¢‹
6,backpack,ğŸ’,backpack,èƒŒåŒ…
6,thong_sandal,ğŸ©´,thong sandal,ä¸å­—å‡‰é‹
6,man_s_shoe,ğŸ‘,manâ€™s shoe,ç”·é‹
6,running_shoe,ğŸ‘Ÿ,running shoe,è·‘é‹
6,hiking_boot,ğŸ¥¾,hiking boot,è¿œè¶³é´
6,flat_shoe,ğŸ¥¿,flat shoe,å¹³åº•é‹
6,high_heeled_shoe,ğŸ‘ ,high-heeled shoe,é«˜è·Ÿé‹
6,woman_s_sandal,ğŸ‘¡,womanâ€™s sandal,å¥³å‡‰é‹
6,ballet_shoes,ğŸ©°,ballet shoes,èŠ­è•¾èˆé‹
6,woman_s_boot,ğŸ‘¢,womanâ€™s boot,å¥³é´
6,hair_pick,ğŸª®,hair pick,å‘å¡
6,crown,ğŸ‘‘,crown,çš‡å† 
6,woman_s_hat,ğŸ‘’,womanâ€™s hat,å¥³å¸½
6,top_hat,ğŸ©,top hat,ç¤¼å¸½
6,graduation_cap,ğŸ“,graduation cap,æ¯•ä¸šå¸½
6,billed_cap,ğŸ§¢,billed cap,ç¤¼å¸½
6,military_helmet,ğŸª–,military helmet,å†›ç”¨å¤´ç›”
6,rescue_worker_s_helmet,â›‘ï¸,rescue workerâ€™s helmet,æ•‘æ´äººå‘˜å¤´ç›”
6,prayer_beads,ğŸ“¿,prayer beads,å¿µç 
6,lipstick,ğŸ’„,lipstick,å”‡è†
6,ring,ğŸ’,ring,æˆ’æŒ‡
6,gem_stone,ğŸ’,gem stone,å®çŸ³
6,muted_speaker,ğŸ”‡,muted speaker,é™éŸ³æ‰¬å£°å™¨
6,speaker_low_volume,ğŸ”ˆ,speaker low volume,ä½éŸ³é‡æ‰¬å£°å™¨
6,speaker_medium_volume,ğŸ”‰,speaker medium volume,æ‰¬å£°å™¨ä¸­ç­‰éŸ³é‡
6,speaker_high_volume,ğŸ”Š,speaker high volume,æ‰¬å£°å™¨å¤§éŸ³é‡
6,loudspeaker,ğŸ“¢,loudspeaker,æ‰¬å£°å™¨
6,megaphone,ğŸ“£,megaphone,æ‰©éŸ³å™¨
6,postal_horn,ğŸ“¯,postal horn,é‚®æ”¿å–‡å­
6,bell,ğŸ””,bell,ç”µé“ƒ
6,bell_with_slash,ğŸ”•,bell with slash,æ–œçº¿é’Ÿ
6,musical_score,ğŸ¼,musical score,ä¹è°±
6,musical_note,ğŸµ,musical note,éŸ³ç¬¦
6,musical_notes,ğŸ¶,musical notes,éŸ³ç¬¦
6,studio_microphone,ğŸ™ï¸,studio microphone,å½•éŸ³å®¤éº¦å…‹é£
6,level_slider,ğŸšï¸,level slider,ç”µå¹³æ»‘å—
6,control_knobs,ğŸ›ï¸,control knobs,æ§åˆ¶æ—‹é’®
6,microphone,ğŸ¤,microphone,éº¦å…‹é£
6,headphone,ğŸ§,headphone,è€³æœº
6,radio,ğŸ“»,radio,æ”¶éŸ³æœº
6,saxophone,ğŸ·,saxophone,è¨å…‹æ–¯é£
6,accordion,ğŸª—,accordion,æ‰‹é£ç´
6,guitar,ğŸ¸,guitar,å‰ä»–
6,musical_keyboard,ğŸ¹,musical keyboard,éŸ³ä¹é”®ç›˜
6,trumpet,ğŸº,trumpet,å°å·
6,violin,ğŸ»,violin,å°æç´
6,banjo,ğŸª•,banjo,ç­å“ç´
6,drum,ğŸ¥,drum,é¼“
6,long_drum,ğŸª˜,long drum,é•¿é¼“
6,maracas,ğŸª‡,maracas,é©¬å¡ç´
6,flute,ğŸªˆ,flute,é•¿ç¬›
6,harp,ğŸª‰,harp,ç«–ç´
6,mobile_phone,ğŸ“±,mobile phone,æ‰‹æœº
6,mobile_phone_with_arrow,ğŸ“²,mobile phone with arrow,å¸¦ç®­å¤´çš„æ‰‹æœº
6,telephone,â˜ï¸,telephone,ç”µè¯
6,telephone_receiver,ğŸ“,telephone receiver,ç”µè¯æ¥æ”¶å™¨
6,pager,ğŸ“Ÿ,pager,ä¼ å‘¼æœº
6,fax_machine,ğŸ“ ,fax machine,ä¼ çœŸæœº
6,battery,ğŸ”‹,battery,ç”µæ± 
6,low_battery,ğŸª«,low battery,ä½ç”µé‡
6,electric_plug,ğŸ”Œ,electric plug,ç”µæ’å¤´
6,laptop,ğŸ’»,laptop,ç¬”è®°æœ¬ç”µè„‘
6,desktop_computer,ğŸ–¥ï¸,desktop computer,å°å¼ç”µè„‘
6,printer,ğŸ–¨ï¸,printer,æ‰“å°æœº
6,keyboard,âŒ¨ï¸,keyboard,é”®ç›˜
6,computer_mouse,ğŸ–±ï¸,computer mouse,ç”µè„‘é¼ æ ‡
6,trackball,ğŸ–²ï¸,trackball,è½¨è¿¹çƒ
6,computer_disk,ğŸ’½,computer disk,ç”µè„‘ç£ç›˜
6,floppy_disk,ğŸ’¾,floppy disk,è½¯ç›˜
6,optical_disk,ğŸ’¿,optical disk,å…‰ç›˜
6,dvd,ğŸ“€,dvd,DVD
6,abacus,ğŸ§®,abacus,ç®—ç›˜
6,movie_camera,ğŸ¥,movie camera,ç”µå½±æ‘„å½±æœº
6,film_frames,ğŸï¸,film frames,èƒ¶ç‰‡æ¶
6,film_projector,ğŸ“½ï¸,film projector,ç”µå½±æ”¾æ˜ æœº
6,clapper_board,ğŸ¬,clapper board,æ‹æ¿
6,television,ğŸ“º,television,ç”µè§†æœº
6,camera,ğŸ“·,camera,ç…§ç›¸æœº
6,camera_with_flash,ğŸ“¸,camera with flash,å¸¦é—ªå…‰ç¯çš„æ‘„åƒæœº
6,video_camera,ğŸ“¹,video camera,æ‘„åƒæœº
6,videocassette,ğŸ“¼,videocassette,å½•åƒå¸¦
6,magnifying_glass_tilted_left,ğŸ”,magnifying glass tilted left,å·¦å€¾æ”¾å¤§é•œ
6,magnifying_glass_tilted_right,ğŸ”,magnifying glass tilted right,å³å€¾æ–œæ”¾å¤§é•œ
6,candle,ğŸ•¯ï¸,candle,èœ¡çƒ›
6,light_bulb,ğŸ’¡,light bulb,ç¯æ³¡
6,flashlight,ğŸ”¦,flashlight,æ‰‹ç”µç­’
6,red_paper_lantern,ğŸ®,red paper lantern,çº¢çº¸ç¯ç¬¼
6,diya_lamp,ğŸª”,diya lamp,è¿ªäºšç¯
6,notebook_with_decorative_cover,ğŸ“”,notebook with decorative cover,å¸¦è£…é¥°å°é¢çš„ç¬”è®°æœ¬
6,closed_book,ğŸ“•,closed book,é—­åˆæœ¬
6,open_book,ğŸ“–,open book,å¼€æœ¬
6,green_book,ğŸ“—,green book,ç»¿è‰²æœ¬
6,blue_book,ğŸ“˜,blue book,è“è‰²æœ¬
6,orange_book,ğŸ“™,orange book,æ©™è‰²æœ¬
6,books,ğŸ“š,books,ä¹¦ç±
6,notebook,ğŸ““,notebook,ç¬”è®°æœ¬
6,ledger,ğŸ“’,ledger,è´¦æœ¬
6,page_with_curl,ğŸ“ƒ,page with curl,å·é¡µ
6,scroll,ğŸ“œ,scroll,å·è½´
6,page_facing_up,ğŸ“„,page facing up,é¡µé¢æœä¸Š
6,newspaper,ğŸ“°,newspaper,æŠ¥çº¸
6,rolled_up_newspaper,ğŸ—ï¸,rolled-up newspaper,å·èµ·çš„æŠ¥çº¸
6,bookmark_tabs,ğŸ“‘,bookmark tabs,ä¹¦ç­¾æ ‡ç­¾
6,bookmark,ğŸ”–,bookmark,ä¹¦ç­¾
6,label,ğŸ·ï¸,label,æ ‡ç­¾
6,money_bag,ğŸ’°,money bag,é’±è¢‹
6,coin,ğŸª™,coin,ç¡¬å¸
6,yen_banknote,ğŸ’´,yen banknote,æ—¥å…ƒçº¸å¸
6,dollar_banknote,ğŸ’µ,dollar banknote,ç¾å…ƒçº¸å¸
6,euro_banknote,ğŸ’¶,euro banknote,æ¬§å…ƒçº¸å¸
6,pound_banknote,ğŸ’·,pound banknote,è‹±é•‘çº¸å¸
6,money_with_wings,ğŸ’¸,money with wings,å¸¦ç¿…è†€çš„é’±
6,credit_card,ğŸ’³,credit card,ä¿¡ç”¨å¡
6,receipt,ğŸ§¾,receipt,æ”¶æ®
6,chart_increasing_with_yen,ğŸ’¹,chart increasing with yen,ç”¨æ—¥å…ƒå¢åŠ çš„å›¾è¡¨
6,envelope,âœ‰ï¸,envelope,ä¿¡å°
6,e_mail,ğŸ“§,e-mail,ç”µå­é‚®ä»¶
6,incoming_envelope,ğŸ“¨,incoming envelope,æ¥ä¿¡ä¿¡å°
6,envelope_with_arrow,ğŸ“©,envelope with arrow,å¸¦ç®­å¤´çš„ä¿¡å°
6,outbox_tray,ğŸ“¤,outbox tray,å‘ä»¶ç®±æ‰˜ç›˜
6,inbox_tray,ğŸ“¥,inbox tray,æ”¶ä»¶ç®±æ‰˜ç›˜
6,package,ğŸ“¦,package,åŒ…è£…
6,closed_mailbox_with_raised_flag,ğŸ“«,closed mailbox with raised flag,å¸¦å‡æ——çš„å°é—­å¼ä¿¡ç®±
6,closed_mailbox_with_lowered_flag,ğŸ“ª,closed mailbox with lowered flag,å¸¦é™æ——çš„å°é—­å¼é‚®ç®±
6,open_mailbox_with_raised_flag,ğŸ“¬,open mailbox with raised flag,å¸¦å‡æ——çš„å¼€æ”¾å¼é‚®ç®±
6,open_mailbox_with_lowered_flag,ğŸ“­,open mailbox with lowered flag,å¸¦é™æ——çš„å¼€æ”¾å¼é‚®ç®±
6,postbox,ğŸ“®,postbox,é‚®ç­’
6,ballot_box_with_ballot,ğŸ—³ï¸,ballot box with ballot,å¸¦é€‰ç¥¨çš„æŠ•ç¥¨ç®±
6,pencil,âœï¸,pencil,é“…ç¬”
6,black_nib,âœ’ï¸,black nib,é»‘è‰²ç¬”å°–
6,fountain_pen,ğŸ–‹ï¸,fountain pen,é’¢ç¬”
6,pen,ğŸ–Šï¸,pen,é’¢ç¬”
6,paintbrush,ğŸ–Œï¸,paintbrush,ç”»ç¬”
6,crayon,ğŸ–ï¸,crayon,èœ¡ç¬”
6,memo,ğŸ“,memo,ä¾¿ç­¾
6,briefcase,ğŸ’¼,briefcase,å…¬æ–‡åŒ…
6,file_folder,ğŸ“,file folder,æ–‡ä»¶å¤¹
6,open_file_folder,ğŸ“‚,open file folder,å¼€æ”¾å¼æ–‡ä»¶å¤¹
6,card_index_dividers,ğŸ—‚ï¸,card index dividers,å¡ç‰‡ç´¢å¼•éš”æ¿
6,calendar,ğŸ“…,calendar,æ—¥å†
6,tear_off_calendar,ğŸ“†,tear-off calendar,æ’•é¡µæ—¥å†
6,spiral_notepad,ğŸ—’ï¸,spiral notepad,èºæ—‹è®°äº‹æœ¬
6,spiral_calendar,ğŸ—“ï¸,spiral calendar,èºæ—‹æ—¥å†
6,card_index,ğŸ“‡,card index,å¡ç‰‡ç´¢å¼•
6,chart_increasing,ğŸ“ˆ,chart increasing,å›¾è¡¨å¢åŠ 
6,chart_decreasing,ğŸ“‰,chart decreasing,é€’å‡å›¾è¡¨
6,bar_chart,ğŸ“Š,bar chart,æ¡å½¢å›¾
6,clipboard,ğŸ“‹,clipboard,å‰ªè´´æ¿
6,pushpin,ğŸ“Œ,pushpin,å›¾é’‰
6,round_pushpin,ğŸ“,round pushpin,åœ†å›¾é’‰
6,paperclip,ğŸ“,paperclip,å›å½¢é’ˆ
6,linked_paperclips,ğŸ–‡ï¸,linked paperclips,å›å½¢é’ˆ
6,straight_ruler,ğŸ“,straight ruler,ç›´å°º
6,triangular_ruler,ğŸ“,triangular ruler,ä¸‰è§’å°º
6,scissors,âœ‚ï¸,scissors,å‰ªåˆ€
6,card_file_box,ğŸ—ƒï¸,card file box,å¡ç‰‡æ¡£æ¡ˆç›’
6,file_cabinet,ğŸ—„ï¸,file cabinet,æ–‡ä»¶æŸœ
6,wastebasket,ğŸ—‘ï¸,wastebasket,åºŸçº¸ç¯“
6,locked,ğŸ”’,locked,ä¸Šé”
6,unlocked,ğŸ”“,unlocked,æœªä¸Šé”
6,locked_with_pen,ğŸ”,locked with pen,ç”¨ç¬”ä¸Šé”
6,locked_with_key,ğŸ”,locked with key,ç”¨é’¥åŒ™é”å®š
6,key,ğŸ”‘,key,é’¥åŒ™
6,old_key,ğŸ—ï¸,old key,æ—§é’¥åŒ™
6,hammer,ğŸ”¨,hammer,é”¤å­
6,axe,ğŸª“,axe,æ–§å¤´
6,pick,â›ï¸,pick,é•
6,hammer_and_pick,âš’ï¸,hammer and pick,é”¤å­å’Œé•
6,hammer_and_wrench,ğŸ› ï¸,hammer and wrench,é”¤å­å’Œæ‰³æ‰‹
6,dagger,ğŸ—¡ï¸,dagger,åŒ•é¦–
6,crossed_swords,âš”ï¸,crossed swords,åå­—å‰‘
6,bomb,ğŸ’£,bomb,ç‚¸å¼¹
6,boomerang,ğŸªƒ,boomerang,å›æ—‹é•–
6,bow_and_arrow,ğŸ¹,bow and arrow,å¼“ç®­
6,shield,ğŸ›¡ï¸,shield,ç›¾ç‰Œ
6,carpentry_saw,ğŸªš,carpentry saw,æœ¨å·¥é”¯
6,wrench,ğŸ”§,wrench,æ‰³æ‰‹
6,screwdriver,ğŸª›,screwdriver,èºä¸åˆ€
6,nut_and_bolt,ğŸ”©,nut and bolt,èºæ¯å’Œèºæ “
6,gear,âš™ï¸,gear,é½¿è½®
6,clamp,ğŸ—œï¸,clamp,å¤¹é’³
6,balance_scale,âš–ï¸,balance scale,å¤©å¹³ç§¤
6,white_cane,ğŸ¦¯,white cane,ç™½æ‰‹æ–
6,link,ğŸ”—,link,é“¾æ¥
6,broken_chain,â›“ï¸â€ğŸ’¥,broken chain,æ–­é“¾
6,chains,â›“ï¸,chains,é“¾æ¡
6,hook,ğŸª,hook,é’©å­
6,toolbox,ğŸ§°,toolbox,å·¥å…·ç®±
6,magnet,ğŸ§²,magnet,ç£é“
6,ladder,ğŸªœ,ladder,æ¢¯å­
6,shovel,ğŸª,shovel,é“é”¹
6,alembic,âš—ï¸,alembic,é…’ç“¶
6,test_tube,ğŸ§ª,test tube,è¯•ç®¡
6,petri_dish,ğŸ§«,petri dish,åŸ¹å…»çš¿
6,dna,ğŸ§¬,dna,DNA
6,microscope,ğŸ”¬,microscope,æ˜¾å¾®é•œ
6,telescope,ğŸ”­,telescope,æœ›è¿œé•œ
6,satellite_antenna,ğŸ“¡,satellite antenna,å«æ˜Ÿå¤©çº¿
6,syringe,ğŸ’‰,syringe,æ³¨å°„å™¨
6,drop_of_blood,ğŸ©¸,drop of blood,è¡€æ»´
6,pill,ğŸ’Š,pill,è¯ç‰‡
6,adhesive_bandage,ğŸ©¹,adhesive bandage,ç»·å¸¦
6,crutch,ğŸ©¼,crutch,æ‹æ–
6,stethoscope,ğŸ©º,stethoscope,å¬è¯Šå™¨
6,x_ray,ğŸ©»,x-ray,X å…‰
6,door,ğŸšª,door,é—¨
6,elevator,ğŸ›—,elevator,ç”µæ¢¯
6,mirror,ğŸª,mirror,é•œå­
6,window,ğŸªŸ,window,çª—æˆ·
6,bed,ğŸ›ï¸,bed,åºŠ
6,couch_and_lamp,ğŸ›‹ï¸,couch and lamp,æ²™å‘å’Œå°ç¯
6,chair,ğŸª‘,chair,æ¤…å­
6,toilet,ğŸš½,toilet,é©¬æ¡¶
6,plunger,ğŸª ,plunger,æ´»å¡
6,shower,ğŸš¿,shower,æ·‹æµ´
6,bathtub,ğŸ›,bathtub,æµ´ç¼¸
6,mouse_trap,ğŸª¤,mouse trap,è€é¼ å¤¹
6,razor,ğŸª’,razor,å‰ƒé¡»åˆ€
6,lotion_bottle,ğŸ§´,lotion bottle,ä¹³æ¶²ç“¶
6,safety_pin,ğŸ§·,safety pin,å®‰å…¨åˆ«é’ˆ
6,broom,ğŸ§¹,broom,æ‰«å¸š
6,basket,ğŸ§º,basket,ç¯®å­
6,roll_of_paper,ğŸ§»,roll of paper,å·çº¸
6,bucket,ğŸª£,bucket,æ°´æ¡¶
6,soap,ğŸ§¼,soap,è‚¥çš‚
6,bubbles,ğŸ«§,bubbles,æ³¡æ³¡
6,toothbrush,ğŸª¥,toothbrush,ç‰™åˆ·
6,sponge,ğŸ§½,sponge,æµ·ç»µ
6,fire_extinguisher,ğŸ§¯,fire extinguisher,ç­ç«å™¨
6,shopping_cart,ğŸ›’,shopping cart,è´­ç‰©è½¦
6,cigarette,ğŸš¬,cigarette,é¦™çƒŸ
6,coffin,âš°ï¸,coffin,æ£ºæ
6,headstone,ğŸª¦,headstone,å¢“ç¢‘
6,funeral_urn,âš±ï¸,funeral urn,éª¨ç°ç›’
6,nazar_amulet,ğŸ§¿,nazar amulet,çº³æ‰å°”æŠ¤èº«ç¬¦
6,hamsa,ğŸª¬,hamsa,å“ˆå§†è¨
6,moai,ğŸ—¿,moai,æ‘©è‰¾
6,placard,ğŸª§,placard,æ ‡ç‰Œ
6,identification_card,ğŸªª,identification card,èº«ä»½è¯
7,symbols,,Symbols,æ ‡å¿—
7,atm_sign,ğŸ§,ATM sign,ATM æ ‡å¿—
7,litter_in_bin_sign,ğŸš®,litter in bin sign,åƒåœ¾æ¡¶æ ‡å¿—
7,potable_water,ğŸš°,potable water,é¥®ç”¨æ°´
7,wheelchair_symbol,â™¿,wheelchair symbol,è½®æ¤…æ ‡å¿—
7,men_s_room,ğŸš¹,menâ€™s room,ç”·å•æ‰€
7,women_s_room,ğŸšº,womenâ€™s room,å¥³å•æ‰€
7,restroom,ğŸš»,restroom,æ´—æ‰‹é—´
7,baby_symbol,ğŸš¼,baby symbol,å©´å„¿æ ‡å¿—
7,water_closet,ğŸš¾,water closet,æ´—æ‰‹é—´
7,passport_control,ğŸ›‚,passport control,æŠ¤ç…§æ£€æŸ¥
7,customs,ğŸ›ƒ,customs,æµ·å…³
7,baggage_claim,ğŸ›„,baggage claim,è¡Œææå–å¤„
7,left_luggage,ğŸ›…,left luggage,é—ç•™è¡Œæ
7,warning,âš ï¸,warning,è­¦å‘Š
7,children_crossing,ğŸš¸,children crossing,å„¿ç«¥è¿‡å¢ƒ
7,no_entry,â›”,no entry,ç¦æ­¢å…¥å¢ƒ
7,prohibited,ğŸš«,prohibited,ç¦æ­¢å…¥å†…
7,no_bicycles,ğŸš³,no bicycles,ç¦æ­¢è‡ªè¡Œè½¦
7,no_smoking,ğŸš­,no smoking,ç¦æ­¢å¸çƒŸ
7,no_littering,ğŸš¯,no littering,ç¦æ­¢ä¹±æ‰”åƒåœ¾
7,non_potable_water,ğŸš±,non-potable water,ç¦æ­¢é¥®ç”¨æ°´
7,no_pedestrians,ğŸš·,no pedestrians,ç¦æ­¢è¡Œäºº
7,no_mobile_phones,ğŸ“µ,no mobile phones,ç¦æ­¢ä½¿ç”¨æ‰‹æœº
7,no_one_under_eighteen,ğŸ”,no one under eighteen,åå…«å²ä»¥ä¸‹äººå‘˜ç¦æ­¢å…¥å†…
7,radioactive,â˜¢ï¸,radioactive,æ”¾å°„æ€§ç‰©è´¨
7,biohazard,â˜£ï¸,biohazard,ç”Ÿç‰©å±é™©
7,up_arrow,â¬†ï¸,up arrow,å‘ä¸Šç®­å¤´
7,up_right_arrow,â†—ï¸,up-right arrow,ä¸Š-å³ç®­å¤´
7,right_arrow,â¡ï¸,right arrow,å³ç®­å¤´
7,down_right_arrow,â†˜ï¸,down-right arrow,å‘ä¸‹-å³ç®­å¤´
7,down_arrow,â¬‡ï¸,down arrow,å‘ä¸‹ç®­å¤´
7,down_left_arrow,â†™ï¸,down-left arrow,å·¦ä¸‹ç®­å¤´
7,left_arrow,â¬…ï¸,left arrow,å·¦ç®­å¤´
7,up_left_arrow,â†–ï¸,up-left arrow,ä¸Šå·¦ç®­å¤´
7,up_down_arrow,â†•ï¸,up-down arrow,ä¸Š-ä¸‹ç®­å¤´
7,left_right_arrow,â†”ï¸,left-right arrow,å·¦å³ç®­å¤´
7,right_arrow_curving_left,â†©ï¸,right arrow curving left,å‘å·¦å¼¯æ›²çš„å³ç®­å¤´
7,left_arrow_curving_right,â†ªï¸,left arrow curving right,å‘å³å¼¯æ›²çš„å·¦ç®­å¤´
7,right_arrow_curving_up,â¤´ï¸,right arrow curving up,å³ç®­å¤´å‘ä¸Šå¼¯æ›²
7,right_arrow_curving_down,â¤µï¸,right arrow curving down,å‘ä¸‹å¼¯æ›²çš„å³ç®­å¤´
7,clockwise_vertical_arrows,ğŸ”ƒ,clockwise vertical arrows,é¡ºæ—¶é’ˆå‚ç›´ç®­å¤´
7,counterclockwise_arrows_button,ğŸ”„,counterclockwise arrows button,é€†æ—¶é’ˆç®­å¤´ æŒ‰é’®
7,back_arrow,ğŸ”™,BACK arrow,åé€€ç®­å¤´
7,end_arrow,ğŸ”š,END arrow,ç»“æŸç®­å¤´
7,on_arrow,ğŸ”›,ON! arrow,å¼€ï¼ç®­å¤´
7,soon_arrow,ğŸ”œ,SOON arrow,å¾ˆå¿«ç®­å¤´
7,top_arrow,ğŸ”,TOP arrow,é¡¶éƒ¨ç®­å¤´
7,place_of_worship,ğŸ›,place of worship,ç¤¼æ‹œåœºæ‰€
7,atom_symbol,âš›ï¸,atom symbol,åŸå­ç¬¦å·
7,om,ğŸ•‰ï¸,om,å”µ
7,star_of_david,âœ¡ï¸,star of David,å¤§å«ä¹‹æ˜Ÿ
7,wheel_of_dharma,â˜¸ï¸,wheel of dharma,æ³•è½®
7,yin_yang,â˜¯ï¸,yin yang,é˜´é˜³
7,latin_cross,âœï¸,latin cross,æ‹‰ä¸åå­—æ¶
7,orthodox_cross,â˜¦ï¸,orthodox cross,æ­£åå­—æ¶
7,star_and_crescent,â˜ªï¸,star and crescent,æ˜Ÿè¾°å’Œæ–°æœˆ
7,peace_symbol,â˜®ï¸,peace symbol,å’Œå¹³ç¬¦å·
7,menorah,ğŸ•,menorah,æœˆå…‰å®ç›’
7,dotted_six_pointed_star,ğŸ”¯,dotted six-pointed star,åœ†ç‚¹å…­èŠ’æ˜Ÿ
7,khanda,ğŸª¯,khanda,åè¾¾
7,aries,â™ˆ,Aries,ç™½ç¾Šåº§
7,taurus,â™‰,Taurus,é‡‘ç‰›åº§
7,gemini,â™Š,Gemini,åŒå­åº§
7,cancer,â™‹,Cancer,å·¨èŸ¹åº§
7,leo,â™Œ,Leo,ç‹®å­åº§
7,virgo,â™,Virgo,å¤„å¥³åº§
7,libra,â™,Libra,å¤©ç§¤åº§
7,scorpio,â™,Scorpio,å¤©èåº§
7,sagittarius,â™,Sagittarius,å°„æ‰‹åº§
7,capricorn,â™‘,Capricorn,æ‘©ç¾¯åº§
7,aquarius,â™’,Aquarius,æ°´ç“¶åº§
7,pisces,â™“,Pisces,åŒé±¼åº§
7,ophiuchus,â›,Ophiuchus,è›‡å¤«åº§
7,shuffle_tracks_button,ğŸ”€,shuffle tracks button,æ´—æ›²æŒ‰é’®
7,repeat_button,ğŸ”,repeat button,é‡å¤æŒ‰é’®
7,repeat_single_button,ğŸ”‚,repeat single button,å•æ›²é‡å¤æŒ‰é’®
7,play_button,â–¶ï¸,play button,æ’­æ”¾æŒ‰é’®
7,fast_forward_button,â©,fast-forward button,å¿«è¿›æŒ‰é’®
7,next_track_button,â­ï¸,next track button,ä¸‹ä¸€æ›²æŒ‰é’®
7,play_or_pause_button,â¯ï¸,play or pause button,æ’­æ”¾æˆ–æš‚åœæŒ‰é’®
7,reverse_button,â—€ï¸,reverse button,å€’è½¦æŒ‰é’®
7,fast_reverse_button,âª,fast reverse button,å¿«é€Ÿå€’è½¦æŒ‰é’®
7,last_track_button,â®ï¸,last track button,æœ€åæ›²ç›®æŒ‰é’®
7,upwards_button,ğŸ”¼,upwards button,å‘ä¸ŠæŒ‰é’®
7,fast_up_button,â«,fast up button,å¿«é€Ÿå‘ä¸ŠæŒ‰é’®
7,downwards_button,ğŸ”½,downwards button,ä¸‹è¡ŒæŒ‰é’®
7,fast_down_button,â¬,fast down button,å¿«ä¸‹æŒ‰é’®
7,pause_button,â¸ï¸,pause button,æš‚åœæŒ‰é’®
7,stop_button,â¹ï¸,stop button,åœæ­¢æŒ‰é’®
7,record_button,âºï¸,record button,å½•åˆ¶æŒ‰é’®
7,eject_button,âï¸,eject button,å¼¹å‡ºæŒ‰é’®
7,cinema,ğŸ¦,cinema,å½±é™¢
7,dim_button,ğŸ”…,dim button,å˜æš—æŒ‰é’®
7,bright_button,ğŸ”†,bright button,æ˜äº®æŒ‰é’®
7,antenna_bars,ğŸ“¶,antenna bars,å¤©çº¿æ¡
7,wireless,ğŸ›œ,wireless,æ— çº¿
7,vibration_mode,ğŸ“³,vibration mode,æŒ¯åŠ¨æ¨¡å¼
7,mobile_phone_off,ğŸ“´,mobile phone off,æ‰‹æœºå…³é—­
7,female_sign,â™€ï¸,female sign,å¥³æ€§æ ‡å¿—
7,male_sign,â™‚ï¸,male sign,ç”·æ€§æ ‡å¿—
7,transgender_symbol,âš§ï¸,transgender symbol,å˜æ€§ç¬¦å·
7,multiply,âœ–ï¸,multiply,ä¹˜æ³•
7,plus,â•,plus,åŠ å·
7,minus,â–,minus,å‡
7,divide,â—,divide,é™¤å·
7,heavy_equals_sign,ğŸŸ°,heavy equals sign,é‡ç­‰å·
7,infinity,â™¾ï¸,infinity,æ— ç©·å¤§
7,double_exclamation_mark,â€¼ï¸,double exclamation mark,åŒå¹å·
7,exclamation_question_mark,â‰ï¸,exclamation question mark,æ„Ÿå¹é—®å·
7,red_question_mark,â“,red question mark,çº¢è‰²é—®å·
7,white_question_mark,â”,white question mark,ç™½è‰²é—®å·
7,white_exclamation_mark,â•,white exclamation mark,ç™½è‰²æ„Ÿå¹å·
7,red_exclamation_mark,â—,red exclamation mark,çº¢è‰²æ„Ÿå¹å·
7,wavy_dash,ã€°ï¸,wavy dash,æ³¢æµªç ´æŠ˜å·
7,currency_exchange,ğŸ’±,currency exchange,è´§å¸å…‘æ¢
7,heavy_dollar_sign,ğŸ’²,heavy dollar sign,é‡ç¾å…ƒç¬¦å·
7,medical_symbol,âš•ï¸,medical symbol,åŒ»ç–—ç¬¦å·
7,recycling_symbol,â™»ï¸,recycling symbol,å›æ”¶æ ‡å¿—
7,fleur_de_lis,âšœï¸,fleur-de-lis,ç™¾åˆèŠ±
7,trident_emblem,ğŸ”±,trident emblem,ä¸‰å‰æˆŸæ ‡å¿—
7,name_badge,ğŸ“›,name badge,åç‰Œ
7,japanese_symbol_for_beginner,ğŸ”°,Japanese symbol for beginner,æ—¥æœ¬åˆå­¦è€…ç¬¦å·
7,hollow_red_circle,â­•,hollow red circle,ç©ºå¿ƒçº¢åœˆ
7,check_mark_button,âœ…,check mark button,å¤é€‰æ ‡è®°æŒ‰é’®
7,check_box_with_check,â˜‘ï¸,check box with check,å¤é€‰æ¡†
7,check_mark,âœ”ï¸,check mark,å¤é€‰æ ‡è®°
7,cross_mark,âŒ,cross mark,åå­—æ ‡è®°
7,cross_mark_button,â,cross mark button,åå­—æ ‡è®°æŒ‰é’®
7,curly_loop,â°,curly loop,å·æ›²å¾ªç¯
7,double_curly_loop,â¿,double curly loop,åŒæ›²å¾ªç¯
7,part_alternation_mark,ã€½ï¸,part alternation mark,éƒ¨åˆ†äº¤æ›¿æ ‡è®°
7,eight_spoked_asterisk,âœ³ï¸,eight-spoked asterisk,å…«è¾æ˜Ÿå·
7,eight_pointed_star,âœ´ï¸,eight-pointed star,å…«è§’æ˜Ÿ
7,sparkle,â‡ï¸,sparkle,é—ªå…‰
7,copyright,Â©ï¸,copyright,ç‰ˆæƒ
7,registered,Â®ï¸,registered,æ³¨å†Œ
7,trade_mark,â„¢ï¸,trade mark,å•†æ ‡
7,splatter,ğŸ«Ÿ,splatter,é£æº…
7,keycap_number_sign,#ï¸âƒ£,keycap #,é”®å¸½ #
7,keycap_asterisk,*ï¸âƒ£,keycap *,é”®å¸½ *
7,keycap_0,0ï¸âƒ£,keycap 0,é”®å¸½ 0
7,keycap_1,1ï¸âƒ£,keycap 1,é”®å¸½ 1
7,keycap_2,2ï¸âƒ£,keycap 2,é”®å¸½ 2
7,keycap_3,3ï¸âƒ£,keycap 3,é”®å¸½ 3
7,keycap_4,4ï¸âƒ£,keycap 4,é”®å¸½ 4
7,keycap_5,5ï¸âƒ£,keycap 5,é”®å¸½ 5
7,keycap_6,6ï¸âƒ£,keycap 6,é”®å¸½ 6
7,keycap_7,7ï¸âƒ£,keycap 7,é”®å¸½ 7
7,keycap_8,8ï¸âƒ£,keycap 8,é”®å¸½ 8
7,keycap_9,9ï¸âƒ£,keycap 9,é”®å¸½ 9
7,keycap_10,ğŸ”Ÿ,keycap 10,é”®å¸½ 10
7,input_latin_uppercase,ğŸ” ,input latin uppercase,è¾“å…¥æ‹‰ä¸æ–‡å¤§å†™å­—æ¯
7,input_latin_lowercase,ğŸ”¡,input latin lowercase,è¾“å…¥æ‹‰ä¸æ–‡å°å†™å­—æ¯
7,input_numbers,ğŸ”¢,input numbers,è¾“å…¥æ•°å­—
7,input_symbols,ğŸ”£,input symbols,è¾“å…¥ç¬¦å·
7,input_latin_letters,ğŸ”¤,input latin letters,è¾“å…¥æ‹‰ä¸å­—æ¯
7,a_button,ğŸ…°ï¸,A button (blood type),A æŒ‰é’®ï¼ˆè¡€å‹ï¼‰
7,ab_button,ğŸ†,AB button (blood type),AB æŒ‰é’®ï¼ˆè¡€å‹ï¼‰
7,b_button,ğŸ…±ï¸,B button (blood type),B æŒ‰é’®ï¼ˆè¡€å‹ï¼‰
7,cl_button,ğŸ†‘,CL button,CL æŒ‰é’®
7,cool_button,ğŸ†’,COOL button,COOL æŒ‰é’®
7,free_button,ğŸ†“,FREE button,å…è´¹æŒ‰é’®
7,information,â„¹ï¸,information,ä¿¡æ¯
7,id_button,ğŸ†”,ID button,ID æŒ‰é’®
7,circled_m,â“‚ï¸,circled M,å¸¦åœˆ M
7,new_button,ğŸ†•,NEW button,æ–°æŒ‰é’®
7,ng_button,ğŸ†–,NG button,NG æŒ‰é’®
7,o_button,ğŸ…¾ï¸,O button (blood type),O æŒ‰é’®ï¼ˆè¡€å‹ï¼‰
7,ok_button,ğŸ†—,OK button,OK æŒ‰é’®
7,p_button,ğŸ…¿ï¸,P button,P æŒ‰é’®
7,sos_button,ğŸ†˜,SOS button,SOS æŒ‰é’®
7,up_button,ğŸ†™,UP! button,UP!
7,vs_button,ğŸ†š,VS button,VS æŒ‰é’®
7,japanese_here_button,ğŸˆ,Japanese â€œhereâ€ button,æ—¥è¯­ â€œæ­¤å¤„ â€æŒ‰é’®
7,japanese_service_charge_button,ğŸˆ‚ï¸,Japanese â€œservice chargeâ€ button,æ—¥è¯­ â€œæœåŠ¡è´¹ â€æŒ‰é’®
7,japanese_monthly_amount_button,ğŸˆ·ï¸,Japanese â€œmonthly amountâ€ button,æœˆ
7,japanese_not_free_of_charge_button,ğŸˆ¶,Japanese â€œnot free of chargeâ€ button,æœ‰
7,japanese_reserved_button,ğŸˆ¯,Japanese â€œreservedâ€ button,æŒ‡
7,japanese_bargain_button,ğŸ‰,Japanese â€œbargainâ€ button,å¾—
7,japanese_discount_button,ğŸˆ¹,Japanese â€œdiscountâ€ button,å‰²
7,japanese_free_of_charge_button,ğŸˆš,Japanese â€œfree of chargeâ€ button,æ— 
7,japanese_prohibited_button,ğŸˆ²,Japanese â€œprohibitedâ€ button,ç¦
7,japanese_acceptable_button,ğŸ‰‘,Japanese â€œacceptableâ€ button,å¯
7,japanese_application_button,ğŸˆ¸,Japanese â€œapplicationâ€ button,ç”³
7,japanese_passing_grade_button,ğŸˆ´,Japanese â€œpassing gradeâ€ button,åˆ
7,japanese_vacancy_button,ğŸˆ³,Japanese â€œvacancyâ€ button,ç©º
7,japanese_congratulations_button,ãŠ—ï¸,Japanese â€œcongratulationsâ€ button,ç¥
7,japanese_secret_button,ãŠ™ï¸,Japanese â€œsecretâ€ button,ç§˜
7,japanese_open_for_business_button,ğŸˆº,Japanese â€œopen for businessâ€ button,æ—¥è¯­ â€œå¼€é—¨è¥ä¸š â€æŒ‰é’®
7,japanese_no_vacancy_button,ğŸˆµ,Japanese â€œno vacancyâ€ button,æ»¡
7,red_circle,ğŸ”´,red circle,çº¢è‰²åœ†åœˆ
7,orange_circle,ğŸŸ ,orange circle,æ©™è‰²åœ†åœˆ
7,yellow_circle,ğŸŸ¡,yellow circle,é»„è‰²åœ†åœˆ
7,green_circle,ğŸŸ¢,green circle,ç»¿è‰²åœ†åœˆ
7,blue_circle,ğŸ”µ,blue circle,è“è‰²åœ†åœˆ
7,purple_circle,ğŸŸ£,purple circle,ç´«è‰²åœ†
7,brown_circle,ğŸŸ¤,brown circle,æ£•è‰²åœ†
7,black_circle,âš«,black circle,é»‘è‰²åœ†åœˆ
7,white_circle,âšª,white circle,ç™½è‰²åœ†åœˆ
7,red_square,ğŸŸ¥,red square,çº¢è‰²æ­£æ–¹å½¢
7,orange_square,ğŸŸ§,orange square,æ©™è‰²æ­£æ–¹å½¢
7,yellow_square,ğŸŸ¨,yellow square,é»„è‰²æ­£æ–¹å½¢
7,green_square,ğŸŸ©,green square,ç»¿è‰²æ­£æ–¹å½¢
7,blue_square,ğŸŸ¦,blue square,è“è‰²æ­£æ–¹å½¢
7,purple_square,ğŸŸª,purple square,ç´«è‰²æ–¹å—
7,brown_square,ğŸŸ«,brown square,æ£•è‰²æ­£æ–¹å½¢
7,black_large_square,â¬›,black large square,é»‘è‰²å¤§æ­£æ–¹å½¢
7,white_large_square,â¬œ,white large square,ç™½è‰²å¤§æ­£æ–¹å½¢
7,black_medium_square,â—¼ï¸,black medium square,é»‘è‰²ä¸­æ­£æ–¹å½¢
7,white_medium_square,â—»ï¸,white medium square,ç™½è‰²ä¸­å‹æ­£æ–¹å½¢
7,black_medium_small_square,â—¾,black medium-small square,é»‘è‰²ä¸­å°æ–¹å—
7,white_medium_small_square,â—½,white medium-small square,ç™½è‰²ä¸­å°æ–¹å—
7,black_small_square,â–ªï¸,black small square,é»‘è‰²å°æ­£æ–¹å½¢
7,white_small_square,â–«ï¸,white small square,ç™½è‰²å°æ­£æ–¹å½¢
7,large_orange_diamond,ğŸ”¶,large orange diamond,æ©™è‰²å¤§è±å½¢
7,large_blue_diamond,ğŸ”·,large blue diamond,å¤§è“é’»
7,small_orange_diamond,ğŸ”¸,small orange diamond,å°æ©™è‰²é’»çŸ³
7,small_blue_diamond,ğŸ”¹,small blue diamond,å°è“é’»
7,red_triangle_pointed_up,ğŸ”º,red triangle pointed up,çº¢è‰²ä¸‰è§’å½¢æœä¸Š
7,red_triangle_pointed_down,ğŸ”»,red triangle pointed down,çº¢è‰²ä¸‰è§’å½¢æœä¸‹
7,diamond_with_a_dot,ğŸ’ ,diamond with a dot,å¸¦ç‚¹çš„é’»çŸ³
7,radio_button,ğŸ”˜,radio button,å•é€‰æŒ‰é’®
7,white_square_button,ğŸ”³,white square button,ç™½è‰²æ–¹å½¢æŒ‰é’®
7,black_square_button,ğŸ”²,black square button,é»‘è‰²æ–¹å½¢æŒ‰é’®
8,flags,,Flags,æ——å¸œ
8,chequered_flag,ğŸ,chequered flag,æ–¹æ ¼æ——
8,triangular_flag,ğŸš©,triangular flag,ä¸‰è§’æ——
8,crossed_flags,ğŸŒ,crossed flags,åå­—æ——
8,black_flag,ğŸ´,black flag,é»‘æ——
8,white_flag,ğŸ³ï¸,white flag,ç™½æ——
8,rainbow_flag,ğŸ³ï¸â€ğŸŒˆ,rainbow flag,å½©è™¹æ——
8,transgender_flag,ğŸ³ï¸â€âš§ï¸,transgender flag,å˜æ€§æ——
8,pirate_flag,ğŸ´â€â˜ ï¸,pirate flag,æµ·ç›—æ——
8,flag_ascension_island,ğŸ‡¦ğŸ‡¨,flag Ascension Island,é˜¿æ£®æ¾å²›æ——
8,flag_andorra,ğŸ‡¦ğŸ‡©,flag Andorra,å®‰é“å°”å›½æ——
8,flag_united_arab_emirates,ğŸ‡¦ğŸ‡ª,flag United Arab Emirates,é˜¿æ‹‰ä¼¯è”åˆé…‹é•¿å›½å›½æ——
8,flag_afghanistan,ğŸ‡¦ğŸ‡«,flag Afghanistan,é˜¿å¯Œæ±—å›½æ——
8,flag_antigua_barbuda,ğŸ‡¦ğŸ‡¬,flag Antigua & Barbuda,å®‰æç“œå’Œå·´å¸ƒè¾¾å›½æ——
8,flag_anguilla,ğŸ‡¦ğŸ‡®,flag Anguilla,å®‰åœ­æ‹‰å›½æ——
8,flag_albania,ğŸ‡¦ğŸ‡±,flag Albania,é˜¿å°”å·´å°¼äºšå›½æ——
8,flag_armenia,ğŸ‡¦ğŸ‡²,flag Armenia,äºšç¾å°¼äºšå›½æ——
8,flag_angola,ğŸ‡¦ğŸ‡´,flag Angola,å®‰å“¥æ‹‰å›½æ——
8,flag_antarctica,ğŸ‡¦ğŸ‡¶,flag Antarctica,å—ææ´²å›½æ——
8,flag_argentina,ğŸ‡¦ğŸ‡·,flag Argentina,é˜¿æ ¹å»·å›½æ——
8,flag_american_samoa,ğŸ‡¦ğŸ‡¸,flag American Samoa,ç¾å±è¨æ‘©äºšå›½æ——
8,flag_austria,ğŸ‡¦ğŸ‡¹,flag Austria,å¥¥åœ°åˆ©å›½æ——
8,flag_australia,ğŸ‡¦ğŸ‡º,flag Australia,æ¾³å¤§åˆ©äºšå›½æ——
8,flag_aruba,ğŸ‡¦ğŸ‡¼,flag Aruba,é˜¿é²å·´
8,flag_aland_islands,ğŸ‡¦ğŸ‡½,flag Ã…land Islands,å¥¥å…°ç¾¤å²›å›½æ——
8,flag_azerbaijan,ğŸ‡¦ğŸ‡¿,flag Azerbaijan,é˜¿å¡æ‹œç–†å›½æ——
8,flag_bosnia_herzegovina,ğŸ‡§ğŸ‡¦,flag Bosnia & Herzegovina,æ³¢æ–¯å°¼äºšå’Œé»‘å¡å“¥ç»´é‚£å›½æ——
8,flag_barbados,ğŸ‡§ğŸ‡§,flag Barbados,å·´å·´å¤šæ–¯å›½æ——
8,flag_bangladesh,ğŸ‡§ğŸ‡©,flag Bangladesh,å­ŸåŠ æ‹‰å›½å›½æ——
8,flag_belgium,ğŸ‡§ğŸ‡ª,flag Belgium,æ¯”åˆ©æ—¶å›½æ——
8,flag_burkina_faso,ğŸ‡§ğŸ‡«,flag Burkina Faso,å¸ƒåŸºçº³æ³•ç´¢å›½æ——
8,flag_bulgaria,ğŸ‡§ğŸ‡¬,flag Bulgaria,ä¿åŠ åˆ©äºšå›½æ——
8,flag_bahrain,ğŸ‡§ğŸ‡­,flag Bahrain,å·´æ—å›½æ——
8,flag_burundi,ğŸ‡§ğŸ‡®,flag Burundi,å¸ƒéš†è¿ªå›½æ——
8,flag_benin,ğŸ‡§ğŸ‡¯,flag Benin,è´å®å›½æ——
8,flag_st_barthelemy,ğŸ‡§ğŸ‡±,flag St. BarthÃ©lemy,åœ£å·´æ³°å‹’ç±³
8,flag_bermuda,ğŸ‡§ğŸ‡²,flag Bermuda,ç™¾æ…•å¤§å›½æ——
8,flag_brunei,ğŸ‡§ğŸ‡³,flag Brunei,æ–‡è±å›½æ——
8,flag_bolivia,ğŸ‡§ğŸ‡´,flag Bolivia,ç»åˆ©ç»´äºšå›½æ——
8,flag_caribbean_netherlands,ğŸ‡§ğŸ‡¶,flag Caribbean Netherlands,è·å…°å›½æ——
8,flag_brazil,ğŸ‡§ğŸ‡·,flag Brazil,å·´è¥¿å›½æ——
8,flag_bahamas,ğŸ‡§ğŸ‡¸,flag Bahamas,å·´å“ˆé©¬å›½æ——
8,flag_bhutan,ğŸ‡§ğŸ‡¹,flag Bhutan,ä¸ä¸¹å›½æ——
8,flag_bouvet_island,ğŸ‡§ğŸ‡»,flag Bouvet Island,å›½æ—— å¸ƒéŸ¦å²›
8,flag_botswana,ğŸ‡§ğŸ‡¼,flag Botswana,åšèŒ¨ç“¦çº³å›½æ——
8,flag_belarus,ğŸ‡§ğŸ‡¾,flag Belarus,ç™½ä¿„ç½—æ–¯å›½æ——
8,flag_belize,ğŸ‡§ğŸ‡¿,flag Belize,ä¼¯åˆ©å…¹å›½æ——
8,flag_canada,ğŸ‡¨ğŸ‡¦,flag Canada,åŠ æ‹¿å¤§å›½æ——
8,flag_cocos_islands,ğŸ‡¨ğŸ‡¨,flag Cocos (Keeling) Islands,ç§‘ç§‘æ–¯ï¼ˆåŸºæ—ï¼‰ç¾¤å²›å›½æ——
8,flag_congo_kinshasa,ğŸ‡¨ğŸ‡©,flag Congo - Kinshasa,åˆšæœï¼ˆé‡‘ï¼‰å›½æ——
8,flag_central_african_republic,ğŸ‡¨ğŸ‡«,flag Central African Republic,å›½æ—— ä¸­éå…±å’Œå›½
8,flag_congo_brazzaville,ğŸ‡¨ğŸ‡¬,flag Congo - Brazzaville,åˆšæœï¼ˆå¸ƒï¼‰å›½æ——
8,flag_switzerland,ğŸ‡¨ğŸ‡­,flag Switzerland,ç‘å£«å›½æ——
8,flag_cote_d_ivoire,ğŸ‡¨ğŸ‡®,flag CÃ´te dâ€™Ivoire,ç§‘ç‰¹è¿ªç“¦å›½æ——
8,flag_cook_islands,ğŸ‡¨ğŸ‡°,flag Cook Islands,åº“å…‹ç¾¤å²›å›½æ——
8,flag_chile,ğŸ‡¨ğŸ‡±,flag Chile,æ™ºåˆ©å›½æ——
8,flag_cameroon,ğŸ‡¨ğŸ‡²,flag Cameroon,å–€éº¦éš†å›½æ——
8,flag_china,ğŸ‡¨ğŸ‡³,flag China,ä¸­å›½å›½æ——
8,flag_colombia,ğŸ‡¨ğŸ‡´,flag Colombia,å“¥ä¼¦æ¯”äºšå›½æ——
8,flag_clipperton_island,ğŸ‡¨ğŸ‡µ,flag Clipperton Island,å…‹åˆ©ç€é¡¿å²›æ——å¸œ
8,flag_sark,ğŸ‡¨ğŸ‡¶,flag Sark,è¨å…‹å²›æ——å¸œ
8,flag_costa_rica,ğŸ‡¨ğŸ‡·,flag Costa Rica,å“¥æ–¯è¾¾é»åŠ å›½æ——
8,flag_cuba,ğŸ‡¨ğŸ‡º,flag Cuba,å¤å·´å›½æ——
8,flag_cape_verde,ğŸ‡¨ğŸ‡»,flag Cape Verde,ä½›å¾—è§’å›½æ——
8,flag_curacao,ğŸ‡¨ğŸ‡¼,flag CuraÃ§ao,åº“æ‹‰ç´¢å²›æ——
8,flag_christmas_island,ğŸ‡¨ğŸ‡½,flag Christmas Island,åœ£è¯å²›æ——
8,flag_cyprus,ğŸ‡¨ğŸ‡¾,flag Cyprus,å¡æµ¦è·¯æ–¯å›½æ——
8,flag_czechia,ğŸ‡¨ğŸ‡¿,flag Czechia,æ·å…‹å›½æ——
8,flag_germany,ğŸ‡©ğŸ‡ª,flag Germany,å¾·å›½å›½æ——
8,flag_diego_garcia,ğŸ‡©ğŸ‡¬,flag Diego Garcia,è¿ªæˆˆåŠ è¥¿äºšå²›æ——
8,flag_djibouti,ğŸ‡©ğŸ‡¯,flag Djibouti,å‰å¸ƒæå›½æ——
8,flag_denmark,ğŸ‡©ğŸ‡°,flag Denmark,ä¸¹éº¦å›½æ——
8,flag_dominica,ğŸ‡©ğŸ‡²,flag Dominica,å¤šç±³å°¼å…‹å›½æ——
8,flag_dominican_republic,ğŸ‡©ğŸ‡´,flag Dominican Republic,å¤šç±³å°¼åŠ å…±å’Œå›½å›½æ——
8,flag_algeria,ğŸ‡©ğŸ‡¿,flag Algeria,é˜¿å°”åŠåˆ©äºšå›½æ——
8,flag_ceuta_melilla,ğŸ‡ªğŸ‡¦,flag Ceuta & Melilla,ä¼‘è¾¾å’Œæ¢…åˆ©åˆ©äºšå›½æ——
8,flag_ecuador,ğŸ‡ªğŸ‡¨,flag Ecuador,å„ç“œå¤šå°”å›½æ——
8,flag_estonia,ğŸ‡ªğŸ‡ª,flag Estonia,çˆ±æ²™å°¼äºšå›½æ——
8,flag_egypt,ğŸ‡ªğŸ‡¬,flag Egypt,åŸƒåŠå›½æ——
8,flag_western_sahara,ğŸ‡ªğŸ‡­,flag Western Sahara,è¥¿æ’’å“ˆæ‹‰å›½æ——
8,flag_eritrea,ğŸ‡ªğŸ‡·,flag Eritrea,å„ç«‹ç‰¹é‡Œäºšå›½æ——
8,flag_spain,ğŸ‡ªğŸ‡¸,flag Spain,è¥¿ç­ç‰™å›½æ——
8,flag_ethiopia,ğŸ‡ªğŸ‡¹,flag Ethiopia,åŸƒå¡ä¿„æ¯”äºšå›½æ——
8,flag_european_union,ğŸ‡ªğŸ‡º,flag European Union,æ¬§ç›Ÿå›½æ——
8,flag_finland,ğŸ‡«ğŸ‡®,flag Finland,èŠ¬å…°å›½æ——
8,flag_fiji,ğŸ‡«ğŸ‡¯,flag Fiji,æ–æµå›½æ——
8,flag_falkland_islands,ğŸ‡«ğŸ‡°,flag Falkland Islands,ç¦å…‹å…°ç¾¤å²›æ——
8,flag_micronesia,ğŸ‡«ğŸ‡²,flag Micronesia,å¯†å…‹ç½—å°¼è¥¿äºšå›½æ——
8,flag_faroe_islands,ğŸ‡«ğŸ‡´,flag Faroe Islands,æ³•ç½—ç¾¤å²›å›½æ——
8,flag_france,ğŸ‡«ğŸ‡·,flag France,æ³•å›½å›½æ——
8,flag_gabon,ğŸ‡¬ğŸ‡¦,flag Gabon,åŠ è“¬å›½æ——
8,flag_united_kingdom,ğŸ‡¬ğŸ‡§,flag United Kingdom,è‹±å›½å›½æ——
8,flag_grenada,ğŸ‡¬ğŸ‡©,flag Grenada,æ ¼æ—çº³è¾¾å›½æ——
8,flag_georgia,ğŸ‡¬ğŸ‡ª,flag Georgia,æ ¼é²å‰äºšå›½æ——
8,flag_french_guiana,ğŸ‡¬ğŸ‡«,flag French Guiana,æ³•å±åœ­äºšé‚£å›½æ——
8,flag_guernsey,ğŸ‡¬ğŸ‡¬,flag Guernsey,æ ¼æ©è¥¿å²›æ——
8,flag_ghana,ğŸ‡¬ğŸ‡­,flag Ghana,åŠ çº³å›½æ——
8,flag_gibraltar,ğŸ‡¬ğŸ‡®,flag Gibraltar,ç›´å¸ƒç½—é™€å›½æ——
8,flag_greenland,ğŸ‡¬ğŸ‡±,flag Greenland,æ ¼é™µå…°å›½æ——
8,flag_gambia,ğŸ‡¬ğŸ‡²,flag Gambia,å†ˆæ¯”äºšå›½æ——
8,flag_guinea,ğŸ‡¬ğŸ‡³,flag Guinea,å‡ å†…äºšå›½æ——
8,flag_guadeloupe,ğŸ‡¬ğŸ‡µ,flag Guadeloupe,ç“œå¾·ç½—æ™®å›½æ——
8,flag_equatorial_guinea,ğŸ‡¬ğŸ‡¶,flag Equatorial Guinea,èµ¤é“å‡ å†…äºšå›½æ——
8,flag_greece,ğŸ‡¬ğŸ‡·,flag Greece,å¸Œè…Šå›½æ——
8,flag_south_georgia_south_sandwich_islands,ğŸ‡¬ğŸ‡¸,flag South Georgia & South Sandwich Islands,å—ä¹”æ²»äºšå²›å’Œå—æ¡‘å¨å¥‡ç¾¤å²›æ——
8,flag_guatemala,ğŸ‡¬ğŸ‡¹,flag Guatemala,å±åœ°é©¬æ‹‰å›½æ——
8,flag_guam,ğŸ‡¬ğŸ‡º,flag Guam,å…³å²›å›½æ——
8,flag_guinea_bissau,ğŸ‡¬ğŸ‡¼,flag Guinea-Bissau,å‡ å†…äºšæ¯”ç»å›½æ——
8,flag_guyana,ğŸ‡¬ğŸ‡¾,flag Guyana,åœ­äºšé‚£å›½æ——
8,flag_hong_kong_sar_china,ğŸ‡­ğŸ‡°,flag Hong Kong SAR China,ä¸­å›½é¦™æ¸¯ç‰¹åˆ«è¡Œæ”¿åŒºæ——
8,flag_heard_mcdonald_islands,ğŸ‡­ğŸ‡²,flag Heard & McDonald Islands,èµ«å¾·å’Œéº¦å…‹å”çº³ç¾¤å²›æ——
8,flag_honduras,ğŸ‡­ğŸ‡³,flag Honduras,æ´ªéƒ½æ‹‰æ–¯å›½æ——
8,flag_croatia,ğŸ‡­ğŸ‡·,flag Croatia,å…‹ç½—åœ°äºšå›½æ——
8,flag_haiti,ğŸ‡­ğŸ‡¹,flag Haiti,æµ·åœ°å›½æ——
8,flag_hungary,ğŸ‡­ğŸ‡º,flag Hungary,åŒˆç‰™åˆ©å›½æ——
8,flag_canary_islands,ğŸ‡®ğŸ‡¨,flag Canary Islands,åŠ é‚£åˆ©ç¾¤å²›æ——
8,flag_indonesia,ğŸ‡®ğŸ‡©,flag Indonesia,å°åº¦å°¼è¥¿äºšå›½æ——
8,flag_ireland,ğŸ‡®ğŸ‡ª,flag Ireland,çˆ±å°”å…°å›½æ——
8,flag_israel,ğŸ‡®ğŸ‡±,flag Israel,ä»¥è‰²åˆ—å›½æ——
8,flag_isle_of_man,ğŸ‡®ğŸ‡²,flag Isle of Man,é©¬æ©å²›å›½æ——
8,flag_india,ğŸ‡®ğŸ‡³,flag India,å°åº¦å›½æ——
8,flag_british_indian_ocean_territory,ğŸ‡®ğŸ‡´,flag British Indian Ocean Territory,è‹±å±å°åº¦æ´‹é¢†åœ°å›½æ——
8,flag_iraq,ğŸ‡®ğŸ‡¶,flag Iraq,ä¼Šæ‹‰å…‹å›½æ——
8,flag_iran,ğŸ‡®ğŸ‡·,flag Iran,ä¼Šæœ—å›½æ——
8,flag_iceland,ğŸ‡®ğŸ‡¸,flag Iceland,å†°å²›å›½æ——
8,flag_italy,ğŸ‡®ğŸ‡¹,flag Italy,æ„å¤§åˆ©å›½æ——
8,flag_jersey,ğŸ‡¯ğŸ‡ª,flag Jersey,æ³½è¥¿å²›æ——
8,flag_jamaica,ğŸ‡¯ğŸ‡²,flag Jamaica,ç‰™ä¹°åŠ å›½æ——
8,flag_jordan,ğŸ‡¯ğŸ‡´,flag Jordan,çº¦æ—¦å›½æ——
8,flag_japan,ğŸ‡¯ğŸ‡µ,flag Japan,æ—¥æœ¬å›½æ——
8,flag_kenya,ğŸ‡°ğŸ‡ª,flag Kenya,è‚¯å°¼äºšå›½æ——
8,flag_kyrgyzstan,ğŸ‡°ğŸ‡¬,flag Kyrgyzstan,å‰å°”å‰æ–¯æ–¯å¦å›½æ——
8,flag_cambodia,ğŸ‡°ğŸ‡­,flag Cambodia,æŸ¬åŸ”å¯¨å›½æ——
8,flag_kiribati,ğŸ‡°ğŸ‡®,flag Kiribati,åŸºé‡Œå·´æ–¯å›½æ——
8,flag_comoros,ğŸ‡°ğŸ‡²,flag Comoros,ç§‘æ‘©ç½—å›½æ——
8,flag_st_kitts_nevis,ğŸ‡°ğŸ‡³,flag St. Kitts & Nevis,åœ£åŸºèŒ¨å’Œå°¼ç»´æ–¯å›½æ——
8,flag_north_korea,ğŸ‡°ğŸ‡µ,flag North Korea,æœé²œå›½æ——
8,flag_south_korea,ğŸ‡°ğŸ‡·,flag South Korea,éŸ©å›½å›½æ——
8,flag_kuwait,ğŸ‡°ğŸ‡¼,flag Kuwait,ç§‘å¨ç‰¹å›½æ——
8,flag_cayman_islands,ğŸ‡°ğŸ‡¾,flag Cayman Islands,å›½æ—— å¼€æ›¼ç¾¤å²›
8,flag_kazakhstan,ğŸ‡°ğŸ‡¿,flag Kazakhstan,å“ˆè¨å…‹æ–¯å¦å›½æ——
8,flag_laos,ğŸ‡±ğŸ‡¦,flag Laos,è€æŒå›½æ——
8,flag_lebanon,ğŸ‡±ğŸ‡§,flag Lebanon,é»å·´å«©å›½æ——
8,flag_st_lucia,ğŸ‡±ğŸ‡¨,flag St. Lucia,åœ£å¢è¥¿äºšå›½æ——
8,flag_liechtenstein,ğŸ‡±ğŸ‡®,flag Liechtenstein,åˆ—æ”¯æ•¦å£«ç™»å›½æ——
8,flag_sri_lanka,ğŸ‡±ğŸ‡°,flag Sri Lanka,æ–¯é‡Œå…°å¡å›½æ——
8,flag_liberia,ğŸ‡±ğŸ‡·,flag Liberia,åˆ©æ¯”é‡Œäºšå›½æ——
8,flag_lesotho,ğŸ‡±ğŸ‡¸,flag Lesotho,è±ç´¢æ‰˜å›½æ——
8,flag_lithuania,ğŸ‡±ğŸ‡¹,flag Lithuania,ç«‹é™¶å®›å›½æ——
8,flag_luxembourg,ğŸ‡±ğŸ‡º,flag Luxembourg,å¢æ£®å ¡å›½æ——
8,flag_latvia,ğŸ‡±ğŸ‡»,flag Latvia,æ‹‰è„±ç»´äºšå›½æ——
8,flag_libya,ğŸ‡±ğŸ‡¾,flag Libya,åˆ©æ¯”äºšå›½æ——
8,flag_morocco,ğŸ‡²ğŸ‡¦,flag Morocco,æ‘©æ´›å“¥å›½æ——
8,flag_monaco,ğŸ‡²ğŸ‡¨,flag Monaco,æ‘©çº³å“¥å›½æ——
8,flag_moldova,ğŸ‡²ğŸ‡©,flag Moldova,æ‘©å°”å¤šç“¦å›½æ——
8,flag_montenegro,ğŸ‡²ğŸ‡ª,flag Montenegro,é»‘å±±å›½æ——
8,flag_st_martin,ğŸ‡²ğŸ‡«,flag St. Martin,åœ£é©¬ä¸å›½æ——
8,flag_madagascar,ğŸ‡²ğŸ‡¬,flag Madagascar,é©¬è¾¾åŠ æ–¯åŠ å›½æ——
8,flag_marshall_islands,ğŸ‡²ğŸ‡­,flag Marshall Islands,é©¬ç»å°”ç¾¤å²›å›½æ——
8,flag_north_macedonia,ğŸ‡²ğŸ‡°,flag North Macedonia,åŒ—é©¬å…¶é¡¿å›½æ——
8,flag_mali,ğŸ‡²ğŸ‡±,flag Mali,é©¬é‡Œå›½æ——
8,flag_myanmar,ğŸ‡²ğŸ‡²,flag Myanmar (Burma),ç¼…ç”¸å›½æ——
8,flag_mongolia,ğŸ‡²ğŸ‡³,flag Mongolia,è’™å¤å›½æ——
8,flag_macao_sar_china,ğŸ‡²ğŸ‡´,flag Macao SAR China,ä¸­å›½æ¾³é—¨ç‰¹åˆ«è¡Œæ”¿åŒºæ——
8,flag_northern_mariana_islands,ğŸ‡²ğŸ‡µ,flag Northern Mariana Islands,åŒ—é©¬é‡Œäºšçº³ç¾¤å²›æ——
8,flag_martinique,ğŸ‡²ğŸ‡¶,flag Martinique,é©¬æå°¼å…‹å›½æ——
8,flag_mauritania,ğŸ‡²ğŸ‡·,flag Mauritania,æ¯›é‡Œå¡”å°¼äºšå›½æ——
8,flag_montserrat,ğŸ‡²ğŸ‡¸,flag Montserrat,è’™ç‰¹å¡æ‹‰ç‰¹å›½æ——
8,flag_malta,ğŸ‡²ğŸ‡¹,flag Malta,é©¬è€³ä»–å›½æ——
8,flag_mauritius,ğŸ‡²ğŸ‡º,flag Mauritius,æ¯›é‡Œæ±‚æ–¯å›½æ——
8,flag_maldives,ğŸ‡²ğŸ‡»,flag Maldives,é©¬å°”ä»£å¤«å›½æ——
8,flag_malawi,ğŸ‡²ğŸ‡¼,flag Malawi,é©¬æ‹‰ç»´å›½æ——
8,flag_mexico,ğŸ‡²ğŸ‡½,flag Mexico,å¢¨è¥¿å“¥å›½æ——
8,flag_malaysia,ğŸ‡²ğŸ‡¾,flag Malaysia,é©¬æ¥è¥¿äºšå›½æ——
8,flag_mozambique,ğŸ‡²ğŸ‡¿,flag Mozambique,è«æ¡‘æ¯”å…‹å›½æ——
8,flag_namibia,ğŸ‡³ğŸ‡¦,flag Namibia,çº³ç±³æ¯”äºšå›½æ——
8,flag_new_caledonia,ğŸ‡³ğŸ‡¨,flag New Caledonia,æ–°å–€é‡Œå¤šå°¼äºšå›½æ——
8,flag_niger,ğŸ‡³ğŸ‡ª,flag Niger,å°¼æ—¥å°”å›½æ——
8,flag_norfolk_island,ğŸ‡³ğŸ‡«,flag Norfolk Island,è¯ºç¦å…‹å²›æ——
8,flag_nigeria,ğŸ‡³ğŸ‡¬,flag Nigeria,å°¼æ—¥åˆ©äºšå›½æ——
8,flag_nicaragua,ğŸ‡³ğŸ‡®,flag Nicaragua,å°¼åŠ æ‹‰ç“œå›½æ——
8,flag_netherlands,ğŸ‡³ğŸ‡±,flag Netherlands,è·å…°å›½æ——
8,flag_norway,ğŸ‡³ğŸ‡´,flag Norway,æŒªå¨å›½æ——
8,flag_nepal,ğŸ‡³ğŸ‡µ,flag Nepal,å°¼æ³Šå°”å›½æ——
8,flag_nauru,ğŸ‡³ğŸ‡·,flag Nauru,ç‘™é²å›½æ——
8,flag_niue,ğŸ‡³ğŸ‡º,flag Niue,çº½åŸƒå›½æ——
8,flag_new_zealand,ğŸ‡³ğŸ‡¿,flag New Zealand,æ–°è¥¿å…°å›½æ——
8,flag_oman,ğŸ‡´ğŸ‡²,flag Oman,é˜¿æ›¼å›½æ——
8,flag_panama,ğŸ‡µğŸ‡¦,flag Panama,å·´æ‹¿é©¬å›½æ——
8,flag_peru,ğŸ‡µğŸ‡ª,flag Peru,ç§˜é²å›½æ——
8,flag_french_polynesia,ğŸ‡µğŸ‡«,flag French Polynesia,æ³•å±æ³¢åˆ©å°¼è¥¿äºšå›½æ——
8,flag_papua_new_guinea,ğŸ‡µğŸ‡¬,flag Papua New Guinea,å·´å¸ƒäºšæ–°å‡ å†…äºšå›½æ——
8,flag_philippines,ğŸ‡µğŸ‡­,flag Philippines,è²å¾‹å®¾å›½æ——
8,flag_pakistan,ğŸ‡µğŸ‡°,flag Pakistan,å·´åŸºæ–¯å¦å›½æ——
8,flag_poland,ğŸ‡µğŸ‡±,flag Poland,æ³¢å…°å›½æ——
8,flag_st_pierre_miquelon,ğŸ‡µğŸ‡²,flag St. Pierre & Miquelon,åœ£çš®åŸƒå°”å’Œå¯†å…‹éš†å²›æ——
8,flag_pitcairn_islands,ğŸ‡µğŸ‡³,flag Pitcairn Islands,çš®ç‰¹å‡¯æ©ç¾¤å²›æ——
8,flag_puerto_rico,ğŸ‡µğŸ‡·,flag Puerto Rico,æ³¢å¤šé»å„å›½æ——
8,flag_palestinian_territories,ğŸ‡µğŸ‡¸,flag Palestinian Territories,å·´å‹’æ–¯å¦é¢†åœŸå›½æ——
8,flag_portugal,ğŸ‡µğŸ‡¹,flag Portugal,è‘¡è„ç‰™å›½æ——
8,flag_palau,ğŸ‡µğŸ‡¼,flag Palau,å¸•åŠ³å›½æ——
8,flag_paraguay,ğŸ‡µğŸ‡¾,flag Paraguay,å·´æ‹‰åœ­å›½æ——
8,flag_qatar,ğŸ‡¶ğŸ‡¦,flag Qatar,å¡å¡”å°”å›½æ——
8,flag_reunion,ğŸ‡·ğŸ‡ª,flag RÃ©union,ç•™å°¼æ±ªå²›æ——
8,flag_romania,ğŸ‡·ğŸ‡´,flag Romania,ç½—é©¬å°¼äºšå›½æ——
8,flag_serbia,ğŸ‡·ğŸ‡¸,flag Serbia,å¡å°”ç»´äºšå›½æ——
8,flag_russia,ğŸ‡·ğŸ‡º,flag Russia,ä¿„ç½—æ–¯å›½æ——
8,flag_rwanda,ğŸ‡·ğŸ‡¼,flag Rwanda,å¢æ—ºè¾¾å›½æ——
8,flag_saudi_arabia,ğŸ‡¸ğŸ‡¦,flag Saudi Arabia,æ²™ç‰¹é˜¿æ‹‰ä¼¯å›½æ——
8,flag_solomon_islands,ğŸ‡¸ğŸ‡§,flag Solomon Islands,æ‰€ç½—é—¨ç¾¤å²›å›½æ——
8,flag_seychelles,ğŸ‡¸ğŸ‡¨,flag Seychelles,å¡èˆŒå°”å›½æ——
8,flag_sudan,ğŸ‡¸ğŸ‡©,flag Sudan,è‹ä¸¹å›½æ——
8,flag_sweden,ğŸ‡¸ğŸ‡ª,flag Sweden,ç‘å…¸å›½æ——
8,flag_singapore,ğŸ‡¸ğŸ‡¬,flag Singapore,æ–°åŠ å¡å›½æ——
8,flag_st_helena,ğŸ‡¸ğŸ‡­,flag St. Helena,åœ£èµ«å‹’æ‹¿å›½æ——
8,flag_slovenia,ğŸ‡¸ğŸ‡®,flag Slovenia,æ–¯æ´›æ–‡å°¼äºšå›½æ——
8,flag_svalbard_jan_mayen,ğŸ‡¸ğŸ‡¯,flag Svalbard & Jan Mayen,æ–¯ç“¦å°”å·´ç¾¤å²›å’Œæ‰¬é©¬å»¶å²›å›½æ——
8,flag_slovakia,ğŸ‡¸ğŸ‡°,flag Slovakia,æ–¯æ´›ä¼å…‹å›½æ——
8,flag_sierra_leone,ğŸ‡¸ğŸ‡±,flag Sierra Leone,å¡æ‹‰åˆ©æ˜‚å›½æ——
8,flag_san_marino,ğŸ‡¸ğŸ‡²,flag San Marino,åœ£é©¬åŠ›è¯ºå›½æ——
8,flag_senegal,ğŸ‡¸ğŸ‡³,flag Senegal,å¡å†…åŠ å°”å›½æ——
8,flag_somalia,ğŸ‡¸ğŸ‡´,flag Somalia,ç´¢é©¬é‡Œå›½æ——
8,flag_suriname,ğŸ‡¸ğŸ‡·,flag Suriname,è‹é‡Œå—å›½æ——
8,flag_south_sudan,ğŸ‡¸ğŸ‡¸,flag South Sudan,å—è‹ä¸¹å›½æ——
8,flag_sao_tome_principe,ğŸ‡¸ğŸ‡¹,flag SÃ£o TomÃ© & PrÃ­ncipe,åœ£å¤šç¾å’Œæ™®æ—è¥¿æ¯”å›½æ——
8,flag_el_salvador,ğŸ‡¸ğŸ‡»,flag El Salvador,è¨å°”ç“¦å¤šå›½æ——
8,flag_sint_maarten,ğŸ‡¸ğŸ‡½,flag Sint Maarten,åœ£é©¬ä¸å›½æ——
8,flag_syria,ğŸ‡¸ğŸ‡¾,flag Syria,å™åˆ©äºšå›½æ——
8,flag_eswatini,ğŸ‡¸ğŸ‡¿,flag Eswatini,å›½æ—— åŸƒæ–¯ç“¦è’‚å°¼
8,flag_tristan_da_cunha,ğŸ‡¹ğŸ‡¦,flag Tristan da Cunha,ç‰¹é‡Œæ–¯å¦-è¾¾åº“å°¼äºšå²›æ——
8,flag_turks_caicos_islands,ğŸ‡¹ğŸ‡¨,flag Turks & Caicos Islands,ç‰¹å…‹æ–¯å’Œå‡¯ç§‘æ–¯ç¾¤å²›æ——
8,flag_chad,ğŸ‡¹ğŸ‡©,flag Chad,ä¹å¾—å›½æ——
8,flag_french_southern_territories,ğŸ‡¹ğŸ‡«,flag French Southern Territories,æ³•å±å—éƒ¨é¢†åœŸå›½æ——
8,flag_togo,ğŸ‡¹ğŸ‡¬,flag Togo,å¤šå“¥å›½æ——
8,flag_thailand,ğŸ‡¹ğŸ‡­,flag Thailand,æ³°å›½å›½æ——
8,flag_tajikistan,ğŸ‡¹ğŸ‡¯,flag Tajikistan,å¡”å‰å…‹æ–¯å¦å›½æ——
8,flag_tokelau,ğŸ‡¹ğŸ‡°,flag Tokelau,æ‰˜å…‹åŠ³å›½æ——
8,flag_timor_leste,ğŸ‡¹ğŸ‡±,flag Timor-Leste,ä¸œå¸æ±¶å›½æ——
8,flag_turkmenistan,ğŸ‡¹ğŸ‡²,flag Turkmenistan,åœŸåº“æ›¼æ–¯å¦å›½æ——
8,flag_tunisia,ğŸ‡¹ğŸ‡³,flag Tunisia,çªå°¼æ–¯å›½æ——
8,flag_tonga,ğŸ‡¹ğŸ‡´,flag Tonga,æ±¤åŠ å›½æ——
8,flag_turkiye,ğŸ‡¹ğŸ‡·,flag TÃ¼rkiye,å›¾å°”åŸºè€¶å›½æ——
8,flag_trinidad_tobago,ğŸ‡¹ğŸ‡¹,flag Trinidad & Tobago,ç‰¹ç«‹å°¼è¾¾å’Œå¤šå·´å“¥å›½æ——
8,flag_tuvalu,ğŸ‡¹ğŸ‡»,flag Tuvalu,å›¾ç“¦å¢å›½æ——
8,flag_taiwan,ğŸ‡¹ğŸ‡¼,flag Taiwan,å°æ¹¾å›½æ——
8,flag_tanzania,ğŸ‡¹ğŸ‡¿,flag Tanzania,å¦æ¡‘å°¼äºšå›½æ——
8,flag_ukraine,ğŸ‡ºğŸ‡¦,flag Ukraine,ä¹Œå…‹å…°å›½æ——
8,flag_uganda,ğŸ‡ºğŸ‡¬,flag Uganda,ä¹Œå¹²è¾¾å›½æ——
8,flag_u_s_outlying_islands,ğŸ‡ºğŸ‡²,flag U.S. Outlying Islands,ç¾å›½æœ¬åœŸæ——
8,flag_united_nations,ğŸ‡ºğŸ‡³,flag United Nations,è”åˆå›½æ——å¸œ
8,flag_united_states,ğŸ‡ºğŸ‡¸,flag United States,ç¾å›½å›½æ——
8,flag_uruguay,ğŸ‡ºğŸ‡¾,flag Uruguay,ä¹Œæ‹‰åœ­å›½æ——
8,flag_uzbekistan,ğŸ‡ºğŸ‡¿,flag Uzbekistan,ä¹Œå…¹åˆ«å…‹æ–¯å¦å›½æ——
8,flag_vatican_city,ğŸ‡»ğŸ‡¦,flag Vatican City,æ¢µè’‚å†ˆåŸæ——
8,flag_st_vincent_grenadines,ğŸ‡»ğŸ‡¨,flag St. Vincent & Grenadines,åœ£æ–‡æ£®ç‰¹å’Œæ ¼æ—çº³ä¸æ–¯å›½æ——
8,flag_venezuela,ğŸ‡»ğŸ‡ª,flag Venezuela,å§”å†…ç‘æ‹‰å›½æ——
8,flag_british_virgin_islands,ğŸ‡»ğŸ‡¬,flag British Virgin Islands,è‹±å±ç»´å°”äº¬ç¾¤å²›å›½æ——
8,flag_u_s_virgin_islands,ğŸ‡»ğŸ‡®,flag U.S. Virgin Islands,ç¾å±ç»´å°”äº¬ç¾¤å²›å›½æ——
8,flag_vietnam,ğŸ‡»ğŸ‡³,flag Vietnam,è¶Šå—å›½æ——
8,flag_vanuatu,ğŸ‡»ğŸ‡º,flag Vanuatu,ç“¦åŠªé˜¿å›¾å›½æ——
8,flag_wallis_futuna,ğŸ‡¼ğŸ‡«,flag Wallis & Futuna,ç“¦åˆ©æ–¯å’Œå¯Œå›¾çº³å›½æ——
8,flag_samoa,ğŸ‡¼ğŸ‡¸,flag Samoa,è¨æ‘©äºšå›½æ——
8,flag_kosovo,ğŸ‡½ğŸ‡°,flag Kosovo,ç§‘ç´¢æ²ƒå›½æ——
8,flag_yemen,ğŸ‡¾ğŸ‡ª,flag Yemen,ä¹Ÿé—¨å›½æ——
8,flag_mayotte,ğŸ‡¾ğŸ‡¹,flag Mayotte,é©¬çº¦ç‰¹å²›æ——
8,flag_south_africa,ğŸ‡¿ğŸ‡¦,flag South Africa,å—éå›½æ——
8,flag_zambia,ğŸ‡¿ğŸ‡²,flag Zambia,èµæ¯”äºšå›½æ——
8,flag_zimbabwe,ğŸ‡¿ğŸ‡¼,flag Zimbabwe,æ´¥å·´å¸ƒéŸ¦å›½æ——
8,flag_england,ğŸ´ó §ó ¢ó ¥ó ®ó §ó ¿,flag England,è‹±æ ¼å…°å›½æ——
8,flag_scotland,ğŸ´ó §ó ¢ó ³ó £ó ´ó ¿,flag Scotland,è‹æ ¼å…°å›½æ——
8,flag_wales,ğŸ´ó §ó ¢ó ·ó ¬ó ³ó ¿,flag Wales,å¨å°”å£«å›½æ——
